-0.25203142,-0.07575609,0.08854876,0.0015080043,0.47621542,-0.37797236,0.31872177,0.33067682
-0.29126167,-0.0348283,0.13070096,0.07685543,0.85081524,-0.69951165,0.5786574,0.54849833
-0.3498369,0.025822831,0.18903206,0.16821373,1.0838327,-0.9143881,0.7560352,0.6770433
-0.42043468,0.09893925,0.25624758,0.26698813,1.1956271,-1.03778,0.85895425,0.7423317
-0.49752396,0.17879476,0.327735,0.36338028,1.225556,-1.0993468,0.90965897,0.7714981
-0.5775893,0.26164636,0.40097168,0.45136747,1.2065555,-1.1236931,0.9283897,0.78149235
-0.658562,0.34528053,0.4746081,0.52823615,1.1598309,-1.1264851,0.92880046,0.7809536
-0.739242,0.42844573,0.5478701,0.5930557,1.0976638,-1.1166528,0.91895455,0.77400094
-0.81891423,0.5104411,0.6202599,0.64571095,1.0270035,-1.0991156,0.90333974,0.76266783
-0.89713174,0.590869,0.69142294,0.6864875,0.9519022,-1.0766284,0.8844101,0.7480958
-0.97360146,0.66949826,0.76109254,0.71593004,0.874867,-1.0508286,0.86352754,0.7310578
-1.0481256,0.7461919,0.82906646,0.7347968,0.79754823,-1.0227897,0.8414893,0.71217555
-1.1205727,0.8208706,0.8951976,0.7440337,0.7210705,-0.9933066,0.8188119,0.6920061
-1.1908629,0.89349484,0.9593897,0.7447427,0.64618915,-0.9630395,0.7958816,0.67107475
-1.2489455,0.947942,1.0315664,0.37625924,0.39403826,-0.6749937,0.43929964,0.8490489
-1.2727782,0.9490291,1.1328726,-0.5403144,-0.07319488,-0.01912272,-0.3792447,1.2758201
-1.2533937,0.88350576,1.267717,-1.3444413,-0.47428724,0.5375596,-1.0585718,1.567725
-1.1972392,0.76193666,1.4244937,-2.0101185,-0.87732583,0.9970608,-1.62419,1.7441598
-1.128021,0.6262763,1.5503651,-1.0572957,-0.52660275,0.6236477,-0.94390965,0.36750072
-1.08844,0.5571297,1.5437641,-0.79175335,-0.49204716,0.619354,-0.825538,-0.18657199
-1.0358965,0.47217423,1.5253214,-0.96407807,-0.7167021,0.824296,-1.0540664,-0.20420808
-0.97036767,0.36892042,1.5053177,-1.0637287,-0.9379957,0.98071957,-1.2321652,-0.222292
-0.8951076,0.25191778,1.4830738,-1.0920068,-1.1438696,1.0955389,-1.3597431,-0.25331002
-0.8128613,0.125667,1.4570609,-1.0546983,-1.3231512,1.1757214,-1.4381609,-0.3026444
-0.7258774,-0.0055774725,1.4255635,-0.96211976,-1.4692065,1.228192,-1.4717693,-0.3692196
-0.635895,-0.1381052,1.387163,-0.8274772,-1.5808333,1.2601085,-1.468129,-0.44836348
-0.54415226,-0.26896262,1.3409268,-0.6636937,-1.6604369,1.2780241,-1.4360993,-0.5348637
-0.4514669,-0.39596748,1.2863613,-0.48119056,-1.7114824,1.2869507,-1.3836843,-0.62475467
-0.3583598,-0.51757604,1.2232689,-0.28754753,-1.736889,1.2901322,-1.3170025,-0.7157284
-0.2651729,-0.63270706,1.1516006,-0.08824942,-1.7385477,1.289372,-1.2402649,-0.80683815
-0.17231104,-0.7403397,1.0712777,0.113810934,-1.7124494,1.2816225,-1.1511761,-0.8995184
-0.08176315,-0.837063,0.98138183,0.3222498,-1.6111208,1.229449,-1.0027332,-1.0098053
0.0045164046,-0.9194169,0.88051236,0.51206553,-1.4751558,1.1635778,-0.8323968,-1.1328704
0.0859818,-0.98623115,0.7676541,0.6723257,-1.321152,1.0949256,-0.6571059,-1.2637602
0.16253984,-1.037505,0.6424621,0.79524094,-1.1553534,1.0260307,-0.4865735,-1.3933802
0.23413329,-1.07396,0.5056243,0.8745931,-0.9807414,0.9560797,-0.32775435,-1.509077
0.30062222,-1.0968884,0.35906842,0.9075107,-0.8016635,0.88397264,-0.18639667,-1.5979469
0.36176407,-1.1079085,0.20565754,0.8959375,-0.6229603,0.8079924,-0.06364373,-1.6538522
0.41703662,-1.1082491,0.04820163,0.8428838,-0.44387862,0.72188014,0.05039154,-1.683829
0.46506038,-1.097421,-0.11191109,0.74195814,-0.24959408,0.607992,0.18337725,-1.7094069
0.5019405,-1.0704551,-0.2765365,0.5528884,0.012275945,0.41439924,0.4055761,-1.77483
0.51304466,-1.005157,-0.45801932,0.06290663,0.60564804,-0.1087265,1.0278397,-2.0463047
0.48542908,-0.88514847,-0.6590802,-0.49621168,1.2183477,-0.65463746,1.6242242,-2.2031214
0.43307337,-0.7460522,-0.82513773,-0.5688039,1.2704754,-0.8023482,1.5022447,-1.4174597
0.37049744,-0.6114032,-0.93587524,-0.5797459,1.372665,-0.9368886,1.5006363,-0.9636533
0.29908895,-0.47537938,-1.0097425,-0.5292475,1.478884,-1.0450778,1.5226905,-0.61436987
0.22104813,-0.33785564,-1.0526706,-0.41913766,1.566762,-1.1220148,1.5319166,-0.30443633
0.13829298,-0.2002219,-1.0685198,-0.2721206,1.6351894,-1.1773922,1.5250711,-0.040872443
0.052123778,-0.063961305,-1.0618644,-0.10450085,1.6821924,-1.2174032,1.5012194,0.17446865
-0.036463916,0.06936983,-1.036869,0.074020125,1.704537,-1.2448518,1.4600574,0.3505443
-0.12663645,0.19827168,-0.9967077,0.2565383,1.7005157,-1.2617086,1.4031818,0.49828804
-0.21770191,0.32145917,-0.9436186,0.43744674,1.6705521,-1.2699617,1.3336003,0.62632406
-0.3091088,0.4379402,-0.8791615,0.61207753,1.6164155,-1.2714618,1.2546449,0.7405422
-0.40042457,0.54700553,-0.80444014,0.7764996,1.5403215,-1.2676239,1.1691811,0.8448733
-0.49129882,0.64817005,-0.7202527,0.927237,1.4444429,-1.2593064,1.0793157,0.94196415
-0.5814238,0.7411058,-0.6271946,1.060996,1.3308113,-1.2468525,0.9864648,1.0334904
-0.67050797,0.8256131,-0.5257725,1.1744297,1.2021577,-1.2305218,0.8925075,1.1192324
-0.7582952,0.90176374,-0.41669467,1.2643288,1.0630169,-1.2109426,0.8013792,1.1953307
-0.84456754,0.9699805,-0.3010848,1.3288234,0.9180036,-1.1885676,0.7166941,1.2572716
-0.92914546,1.0309745,-0.18045117,1.3682065,0.7717026,-1.1640611,0.64119405,1.3016257
-1.0119083,1.0856472,-0.056525975,1.384934,0.6282039,-1.1383697,0.5762863,1.327209
-1.0928056,1.1349534,0.06896806,1.3826354,0.49043235,-1.1124254,0.5217379,1.3353474
-1.1718429,1.1797614,0.19452156,1.364746,0.35991153,-1.086813,0.47596106,1.3290431
-1.2490515,1.2207638,0.31893605,1.3336459,0.23712215,-1.0616647,0.4367808,1.3116956
-1.3244592,1.2584612,0.44131353,1.2906376,0.12210816,-1.0367975,0.40221253,1.286193
-1.3980764,1.293202,0.5609916,1.2364386,0.014931333,-1.0119315,0.3708972,1.2546524
-1.4698948,1.3252443,0.67747635,1.1717206,-0.08416734,-0.98685795,0.34217006,1.2185799
-1.5232118,1.3288485,0.80801314,0.47661743,-0.3200001,-0.5241239,-0.2232597,1.5189458
-1.5421209,1.28198,0.9633884,-0.32672334,-0.49724063,-0.016436163,-0.7971727,1.7549809
-1.5257741,1.1875061,1.1351291,-1.1076998,-0.6340441,0.4588015,-1.2928773,1.8792737
-1.4768977,1.0511198,1.3152854,-1.8247279,-0.79520166,0.87954396,-1.7275836,1.9380153
-1.4097027,0.89772075,1.4696534,-1.8679693,-0.82153535,0.97944915,-1.6981072,1.3905185
-1.3450449,0.762278,1.5556959,-0.8833741,-0.5544652,0.61058325,-1.0095416,0.022824556
-1.2989968,0.67326736,1.5403564,-0.9197542,-0.6198323,0.71920323,-1.061494,-0.20529948
-1.240994,0.57044405,1.5201501,-1.1014056,-0.76796705,0.8782282,-1.2180285,-0.22321647
-1.1727978,0.45502707,1.498309,-1.2278295,-0.928333,1.0032277,-1.3415074,-0.24223006
-1.0966439,0.3300068,1.4741929,-1.296777,-1.0905262,1.099742,-1.4312019,-0.27279675
-1.0144578,0.19850037,1.4464512,-1.3073003,-1.2439808,1.1711006,-1.4855106,-0.3195368
-0.9279428,0.06369266,1.4135513,-1.2628311,-1.3804452,1.2204764,-1.5049572,-0.3819341
-0.8385378,-0.07143289,1.3741772,-1.1715794,-1.4954085,1.2520796,-1.4934831,-0.4563048
-0.74735236,-0.20436417,1.3274151,-1.0440034,-1.5876924,1.2706577,-1.4572946,-0.53814375
-0.6551683,-0.33317178,1.2727454,-0.88992465,-1.6578975,1.2803978,-1.4028265,-0.6237617
-0.56250674,-0.4564608,1.209932,-0.7171572,-1.7069814,1.2843051,-1.335389,-0.71084917
-0.4697161,-0.57324684,1.138895,-0.531565,-1.735538,1.2841965,-1.2587941,-0.79834104
-0.37704885,-0.6828263,1.0596104,-0.3376997,-1.7436221,1.2809695,-1.1755215,-0.8860555
-0.28471747,-0.7846703,0.9720438,-0.13945335,-1.7308077,1.2748755,-1.0870249,-0.9743384
-0.19357285,-0.87733084,0.8757736,0.066929795,-1.67675,1.2496096,-0.9732633,-1.0708431
-0.10548659,-0.9577611,0.7696002,0.2737376,-1.5660332,1.1924977,-0.8183619,-1.1840453
-0.021986688,-1.0235419,0.652315,0.45720765,-1.422588,1.1223739,-0.64852095,-1.3057534
0.056281775,-1.0740362,0.5236123,0.6043537,-1.2576108,1.0464729,-0.47877753,-1.4248085
0.12900524,-1.1097462,0.38438788,0.70754606,-1.0786123,0.9676967,-0.3201484,-1.5272282
0.19599567,-1.1319855,0.23678754,0.7645469,-0.892865,0.8871067,-0.17971249,-1.6013222
0.257047,-1.1423638,0.08363436,0.7780499,-0.70556986,0.80315703,-0.05675957,-1.6448798
0.31161588,-1.1418422,-0.072698504,0.75067925,-0.51355654,0.70786417,0.062188603,-1.668879
0.35810325,-1.1293085,-0.23153286,0.67511225,-0.2966449,0.5799565,0.20887959,-1.6965709
0.39168817,-1.0981894,-0.39588788,0.50869226,0.01900718,0.35164943,0.47097772,-1.7797003
0.39710024,-1.0257938,-0.5778536,0.096447475,0.6906531,-0.2045286,1.1212304,-2.0522468
0.374238,-0.928348,-0.7314484,-0.06807072,0.8076495,-0.43156916,1.0752913,-1.3012508
0.33577532,-0.829229,-0.8325989,-0.16259038,0.95456636,-0.63781863,1.13725,-0.87648326
0.28351355,-0.7230933,-0.8998389,-0.19102862,1.1080384,-0.8114527,1.2216529,-0.56239814
0.22028767,-0.609995,-0.9396919,-0.1512418,1.2443619,-0.94215393,1.2887126,-0.2901372
0.14895168,-0.49190247,-0.9557151,-0.060778454,1.3592656,-1.0385661,1.3330547,-0.057700556
0.071585275,-0.37077302,-0.9518376,0.062252086,1.4514251,-1.1107714,1.3563769,0.13340977
-0.010289513,-0.24847111,-0.93159467,0.20555748,1.5169591,-1.1642915,1.3591415,0.29167998
-0.09543566,-0.12683219,-0.8975891,0.35996583,1.5520688,-1.2019122,1.3417946,0.42724168
-0.18278328,-0.0076010413,-0.85159004,0.51766145,1.5553056,-1.2257434,1.3060371,0.5473298
-0.27142027,0.1076977,-0.79484653,0.67188203,1.5280708,-1.2380985,1.2549944,0.6559076
-0.36060736,0.21785936,-0.72834134,0.8171549,1.4737444,-1.2414011,1.1925007,0.75488937
-0.44977242,0.32202366,-0.65292716,0.9493547,1.3965181,-1.2378074,1.1222605,0.8452611
-0.5384809,0.4196376,-0.5693838,1.0654792,1.3005959,-1.2289555,1.0473503,0.9276429
-0.62639564,0.51039124,-0.4784434,1.1633285,1.1898646,-1.2159197,0.97010285,1.0024168
-0.71324384,0.59416795,-0.38082927,1.2413926,1.0683268,-1.1995358,0.89277744,1.0691111
-0.7988262,0.67111677,-0.27741772,1.2992591,0.9410041,-1.1809585,0.8188897,1.1250675
-0.8830144,0.74167633,-0.1693427,1.3375427,0.8121042,-1.1609427,0.75109076,1.1678561
-0.96572345,0.80646473,-0.057908546,1.3577478,0.6848138,-1.1399848,0.690728,1.1963577
-1.0468993,0.8661657,0.055546146,1.3618835,0.561363,-1.118442,0.63794005,1.2109511
-1.1265076,0.92142975,0.16977793,1.351903,0.44310942,-1.0965031,0.59191364,1.2131871
-1.2045213,0.97280836,0.28371966,1.3293171,0.33078736,-1.0741785,0.5513436,1.2051469
-1.2809091,1.0207319,0.3965015,1.2951612,0.22483137,-1.0513611,0.5149162,1.188867
-1.3556305,1.0655252,0.5074309,1.2502178,0.12562051,-1.0279225,0.4816321,1.1660525
-1.428638,1.1074419,0.6159587,1.195291,0.03357227,-1.0037931,0.45091847,1.1380559
-1.4954084,1.1394174,0.7266846,0.95852613,-0.09538092,-0.86353254,0.27278098,1.2034662
-1.5339892,1.1272658,0.86131656,-0.025805255,-0.34623837,-0.24010319,-0.49890387,1.6136178
-1.5314208,1.0541531,1.0248392,-0.92442477,-0.50282794,0.3005097,-1.1119562,1.8378495
-1.4914684,0.92955786,1.2041347,-1.7653339,-0.656821,0.7894927,-1.6424637,1.9551761
-1.4291723,0.78187305,1.3613712,-1.8796358,-0.70328915,0.932078,-1.655546,1.4344218
-1.3579274,0.6317508,1.4776512,-1.9385034,-0.7819151,1.0365487,-1.686738,1.0558823
-1.286958,0.49176127,1.544024,-1.1991156,-0.67394775,0.78158784,-1.1981542,0.06842051
-1.2272584,0.3828551,1.5362091,-1.274376,-0.79788953,0.91021156,-1.2887268,-0.13671485
-1.1559211,0.26025695,1.5202845,-1.415269,-0.9670608,1.0550181,-1.4259166,-0.20177862
-1.0758812,0.12795824,1.4981089,-1.4701679,-1.1279585,1.1532699,-1.5051905,-0.2707253
-0.9901331,-0.009132581,1.4690799,-1.4499245,-1.2717383,1.2152377,-1.534058,-0.3474675
-0.90090066,-0.14695887,1.4324942,-1.3709426,-1.3946451,1.251687,-1.5235004,-0.43078882
-0.80967456,-0.2824935,1.387868,-1.2496568,-1.4966921,1.2719032,-1.4848895,-0.5177692
-0.7173687,-0.41365018,1.3349777,-1.0989513,-1.57926,1.2825216,-1.4274932,-0.6060231
-0.6245162,-0.53904766,1.2737697,-0.9275981,-1.6434706,1.2875602,-1.3577191,-0.69432884
-0.53143454,-0.65776664,1.2042565,-0.7413538,-1.6896342,1.2891064,-1.2795424,-0.7824552
-0.43833852,-0.7691631,1.1264386,-0.5442723,-1.7172834,1.2880335,-1.1952232,-0.87083614
-0.34540817,-0.8727416,1.040255,-0.33966625,-1.7253584,1.2844903,-1.1058823,-0.9603096
-0.25283027,-0.96807146,0.94555515,-0.13071658,-1.7123703,1.2781738,-1.0118889,-1.0518948
-0.161892,-1.053082,0.84156686,0.09039838,-1.6458161,1.2415516,-0.8796119,-1.1572405
-0.0744714,-1.1248419,0.7270053,0.30268487,-1.5334561,1.1817716,-0.7193326,-1.275624
0.0082156,-1.1816968,0.6010063,0.48712936,-1.388694,1.1098447,-0.548955,-1.3986313
0.08548461,-1.2233346,0.46371853,0.63142705,-1.2194301,1.0306327,-0.3814919,-1.5132264
0.1568999,-1.2504929,0.3166376,0.7286077,-1.0335735,0.94691604,-0.22760056,-1.604607
0.22217469,-1.2646618,0.16243804,0.77807754,-0.84006864,0.8603095,-0.0931368,-1.6635269
0.2810137,-1.2674176,0.004083142,0.7838322,-0.6442795,0.7687891,0.02596693,-1.6930999
0.33265936,-1.2592816,-0.15644886,0.7472415,-0.43991554,0.66139036,0.1485642,-1.7097062
0.37483388,-1.2379298,-0.31944358,0.65442795,-0.19641128,0.50708866,0.317837,-1.7428752
0.39937344,-1.191618,-0.49121836,0.42444214,0.22959478,0.17346834,0.6970023,-1.8843083
0.39336514,-1.1028095,-0.67876595,0.034960937,0.84889317,-0.34442183,1.2658219,-2.07588
0.36131415,-0.99286526,-0.8359078,-0.11155646,0.9412961,-0.54720384,1.2071753,-1.3475173
0.31539658,-0.88265496,-0.9417716,-0.1824214,1.0649626,-0.72855544,1.2514113,-0.92951936
0.25750822,-0.76704997,-1.014232,-0.18590824,1.1947273,-0.8773279,1.3185824,-0.62034947
0.19031504,-0.64582765,-1.059801,-0.12428577,1.3079056,-0.9871181,1.3731607,-0.35334224
0.116343156,-0.5205167,-1.0819641,-0.015741577,1.4016509,-1.0676475,1.409859,-0.12472682
0.037291236,-0.39264655,-1.0845467,0.121726565,1.4769804,-1.1293371,1.4301119,0.06330109
-0.04569197,-0.26370445,-1.0710313,0.2767538,1.5311267,-1.1772289,1.4335212,0.21899891
-0.13168842,-0.13525082,-1.0439547,0.44134825,1.559956,-1.2131208,1.4191419,0.35297206
-0.21986559,-0.008895029,-1.0049605,0.60872376,1.5606493,-1.2378998,1.3870379,0.47314376
-0.30946213,0.11383264,-0.9551151,0.77274936,1.5329111,-1.2527466,1.3389028,0.5839559
-0.39981782,0.23161396,-0.89518875,0.9281526,1.4786212,-1.2592479,1.2776289,0.6874909
-0.49039117,0.3434134,-0.82581615,1.0706799,1.4008509,-1.2590442,1.2064724,0.7847117
-0.58075035,0.448479,-0.7475635,1.1969879,1.3030273,-1.253497,1.1283989,0.87618726
-0.67054635,0.54629993,-0.6609512,1.304383,1.1885008,-1.2435335,1.0457835,0.9623289
-0.759481,0.63655186,-0.56647027,1.390584,1.0604608,-1.2296492,0.9604226,1.0433133
-0.8472897,0.71908647,-0.46464983,1.4539073,0.9229596,-1.2124474,0.8748818,1.1176897
-0.933766,0.7940648,-0.35628676,1.4937423,0.78109974,-1.1927829,0.79305565,1.1816193
-1.0187534,0.86196595,-0.24253981,1.5107081,0.6392943,-1.171223,0.71799314,1.2315435
-1.1021364,0.92349446,-0.12484332,1.5068994,0.50119084,-1.148365,0.6516201,1.265309
-1.1838446,0.9794686,-0.0047420557,1.4854553,0.36942717,-1.1248504,0.59450823,1.282768
-1.26385,1.0306964,0.116295926,1.4496077,0.2454956,-1.1011723,0.5458997,1.2855977
-1.3421499,1.0778736,0.23701443,1.4018563,0.12997061,-1.077529,0.50416726,1.2764524
-1.4187452,1.1215361,0.3564155,1.3437413,0.022967491,-1.0538448,0.46748862,1.258033
-1.493626,1.1620684,0.4737349,1.276153,-0.07545907,-1.0299122,0.4343841,1.2325561
-1.5667671,1.1997465,0.5883898,1.1998062,-0.16513966,-1.0055416,0.40394747,1.2016734
-1.6217265,1.2084161,0.7181836,0.46690518,-0.33656082,-0.55099535,-0.17120627,1.5180767
-1.6412512,1.1632602,0.8757453,-0.43225273,-0.4435122,-0.007810884,-0.80786395,1.797503
-1.6231167,1.0654935,1.0526897,-1.2970512,-0.5063429,0.49886015,-1.3534367,1.9446115
-1.5704699,0.9219285,1.2394712,-2.0897074,-0.5995802,0.94221383,-1.823875,2.0109131
-1.4994837,0.7614477,1.3985791,-2.1025605,-0.63612473,1.0233667,-1.7624998,1.4233888
-1.4226177,0.60269046,1.5138078,-2.1325147,-0.71281093,1.101732,-1.7716366,1.0429422
-1.3591149,0.47850308,1.5481989,-1.1428847,-0.60716724,0.74886394,-1.1247497,-0.13463013
-1.2980863,0.36909923,1.5323656,-1.3684646,-0.75398594,0.93383473,-1.3033931,-0.19300881
-1.2253402,0.24565493,1.5118676,-1.5176147,-0.9113869,1.0707862,-1.4303344,-0.24386725
-1.1443899,0.113350816,1.4861469,-1.5810575,-1.065298,1.1630946,-1.5012337,-0.30472693
-1.0580913,-0.023085665,1.4541482,-1.5695828,-1.2066705,1.2209764,-1.5238183,-0.37696627
-0.9685459,-0.15978219,1.4149197,-1.499298,-1.3310883,1.254839,-1.5089197,-0.4576408
-0.8771544,-0.29386744,1.3678498,-1.3861645,-1.4375918,1.2734659,-1.467457,-0.5429432
-0.7847761,-0.4233654,1.3126448,-1.2426195,-1.5266033,1.2830281,-1.4081798,-0.63008684
-0.69191813,-0.5469629,1.2492079,-1.0771395,-1.5985025,1.2872201,-1.3370912,-0.71766406
-0.5988904,-0.6637789,1.1775203,-0.8953234,-1.6530942,1.2879431,-1.2579097,-0.8053451
-0.50591,-0.7731901,1.0975592,-0.70114,-1.6895704,1.2859706,-1.1727451,-0.89350057
-0.41316468,-0.874711,1.0092456,-0.49784222,-1.7066191,1.2813929,-1.0826318,-0.9829048
-0.32085246,-0.9679156,0.9124191,-0.28858724,-1.7025459,1.2738718,-0.9879291,-1.0744455
-0.22943223,-1.0520688,0.8067644,-0.074790455,-1.6692948,1.2571715,-0.8824988,-1.1699213
-0.14056596,-1.1247653,0.691415,0.14490265,-1.5774609,1.2055333,-0.7366005,-1.2794026
-0.05608117,-1.1835258,0.56542766,0.3439892,-1.4454952,1.1359313,-0.5740522,-1.3943236
0.023021365,-1.2275573,0.42884144,0.5070605,-1.2835354,1.0557593,-0.40992945,-1.5024217
0.0961413,-1.2572691,0.2829715,0.62530327,-1.1011313,0.9695521,-0.2563185,-1.5895842
0.16292284,-1.2739217,0.13026093,0.6967269,-0.90811723,0.8799154,-0.11997353,-1.6468749
0.22305462,-1.2789357,-0.02655239,0.72432923,-0.71037495,0.78539413,0.0023290096,-1.6769277
0.27581617,-1.2727925,-0.18561302,0.7097489,-0.5025782,0.67598903,0.12771271,-1.694531
0.31910565,-1.2534014,-0.34709784,0.64274085,-0.2568837,0.52356744,0.29510427,-1.726147
0.34564376,-1.2104272,-0.5164475,0.46283883,0.15384533,0.21273196,0.64608717,-1.85129
0.34257135,-1.1262531,-0.7011502,0.1301851,0.7856775,-0.30225444,1.2133926,-2.0479834
0.31338203,-1.0204674,-0.8565705,-0.015066241,0.88781744,-0.51014966,1.1660006,-1.3361187
0.26994106,-0.9136248,-0.96177447,-0.08520832,1.0165143,-0.6967934,1.2173618,-0.92641705
0.21416084,-0.800796,-1.0342599,-0.088079326,1.1490806,-0.85056895,1.2910174,-0.6239103
0.14872567,-0.68173796,-1.0804754,-0.026773095,1.2638333,-0.96494526,1.3526374,-0.3633375
0.076211974,-0.5579561,-1.1038383,0.08155402,1.3580183,-1.04925,1.3964013,-0.1400591
-0.0016369878,-0.43097472,-1.1080859,0.21916123,1.4335287,-1.1143256,1.4238459,0.043362424
-0.08365896,-0.30226645,-1.096642,0.37451217,1.4881176,-1.1655762,1.4346014,0.1950495
-0.16893788,-0.17338805,-1.0719794,0.53935003,1.5176637,-1.2048565,1.4274452,0.32580188
-0.25663784,-0.04598126,-1.0356555,0.7066395,1.5190288,-1.2328782,1.401952,0.44377556
-0.34597927,0.078347616,-0.9886362,0.87003976,1.4915879,-1.2506189,1.35938,0.55347097
-0.43627262,0.19817485,-0.9315948,1.024132,1.4370824,-1.2595702,1.3024154,0.6568394
-0.5269447,0.31235188,-0.8650867,1.1646032,1.3586398,-1.2613999,1.2343408,0.7546227
-0.6175371,0.42002302,-0.78961945,1.2881384,1.2598457,-1.2575712,1.1582861,0.84718823
-0.7076826,0.520591,-0.70567006,1.3921382,1.144224,-1.2491359,1.0768288,0.934833
-0.7970734,0.6136618,-0.6136913,1.4744396,1.0150865,-1.2366924,0.99191797,1.0177504
-0.88543373,0.6990038,-0.51414096,1.5333141,0.8760028,-1.2206515,0.90550905,1.095335
-0.9725343,0.77664244,-0.40766293,1.5681198,0.7320197,-1.2018621,0.8213488,1.1642026
-1.0582002,0.84694284,-0.2952688,1.5793083,0.58782613,-1.1809256,0.74289274,1.2203918
-1.1422961,0.9105363,-0.17830199,1.5687578,0.4473278,-1.158396,0.6725765,1.2609775
-1.2247305,0.9682184,-0.058297947,1.5396373,0.3134707,-1.1349331,0.61157495,1.2849084
-1.305459,1.0208268,0.06320788,1.495547,0.18802749,-1.1111443,0.5596491,1.2931914
-1.3844728,1.0691228,0.18484893,1.4395211,0.07171979,-1.0873773,0.51542574,1.2882489
-1.4617763,1.1137164,0.3055137,1.3735441,-0.03534507,-1.0636625,0.47704056,1.2729138
-1.5373672,1.1550531,0.4243453,1.2987227,-0.13321255,-1.0398214,0.44278646,1.2496774
-1.6112286,1.1934472,0.5406936,1.215784,-0.22182663,-1.0156312,0.4114865,1.2204349
-1.6675564,1.2035798,0.6719347,0.49704143,-0.36391824,-0.577945,-0.14700049,1.5300075
-1.6889019,1.1601892,0.83108103,-0.41351604,-0.43613687,-0.031987417,-0.7914079,1.817357
-1.6724198,1.0637131,1.0099953,-1.2875434,-0.46058774,0.4778665,-1.3414006,1.9662621
-1.6210858,0.921012,1.1988488,-2.095026,-0.5149864,0.92688406,-1.8165747,2.0331335
-1.5511378,0.76156247,1.359264,-2.1113424,-0.5478944,1.01,-1.7481006,1.4314169
-1.4751459,0.604237,1.4749588,-2.1494827,-0.62204725,1.0909083,-1.7546082,1.0455959
-1.397446,0.45220515,1.5493294,-1.4880911,-0.6164321,0.86501986,-1.3244177,0.1628129
-1.3360629,0.34031257,1.5400395,-1.419217,-0.7067952,0.9215409,-1.3013211,-0.17345066
-1.2638638,0.2166827,1.5209345,-1.5867846,-0.85871744,1.0670075,-1.4354602,-0.23341987
-1.183025,0.08380913,1.4958642,-1.661596,-1.0095003,1.1631329,-1.5080212,-0.30097744
-1.0966775,-0.053183157,1.4639896,-1.6568587,-1.1499462,1.2219819,-1.5290501,-0.3777397
-1.0070632,-0.19023408,1.4245489,-1.5911236,-1.2755587,1.2556608,-1.5115193,-0.4611062
-0.9156259,-0.32443848,1.3770807,-1.4817464,-1.3852354,1.27393,-1.4675878,-0.5477582
-0.8232216,-0.4538591,1.3213933,-1.3415804,-1.4791453,1.2833253,-1.4064366,-0.6354207
-0.7303409,-0.57723814,1.2574471,-1.1790045,-1.5573612,1.2875911,-1.334066,-0.7231019
-0.637278,-0.6937413,1.1852484,-0.9993504,-1.6193851,1.2885728,-1.2540392,-0.81076455
-0.5442393,-0.8027766,1.1047755,-0.8062995,-1.664129,1.2869732,-1.1682892,-0.8989753
-0.45140642,-0.9038746,1.015936,-0.60283893,-1.6900166,1.2828248,-1.0776936,-0.98864794
-0.35897502,-0.9966128,0.91854393,-0.3919068,-1.6950947,1.2757504,-0.9825029,-1.0807585
-0.26717004,-1.0806241,0.81238747,-0.17820708,-1.6775587,1.2653927,-0.88418067,-1.1743047
-0.17732754,-1.1540655,0.6968612,0.044909846,-1.6058794,1.223583,-0.75060046,-1.2788607
-0.09135222,-1.2144083,0.571104,0.25462627,-1.4883021,1.1589694,-0.594851,-1.390129
-0.010523445,-1.2604285,0.4349871,0.43269634,-1.3357847,1.0806354,-0.43323097,-1.4968292
0.06437597,-1.2921987,0.289596,0.5681587,-1.1583077,0.99416476,-0.27880022,-1.5851076
0.13288003,-1.310753,0.13718185,0.65715307,-0.96649903,0.9032087,-0.1398749,-1.6450008
0.19465299,-1.3174592,-0.019564005,0.7016505,-0.7679586,0.807714,-0.015489773,-1.6772516
0.24908191,-1.3129905,-0.17863667,0.7039915,-0.5603904,0.6999319,0.1083542,-1.6945299
0.29443812,-1.2958772,-0.33979842,0.65776473,-0.32213938,0.55681115,0.26429316,-1.7199428
0.32511538,-1.2584256,-0.5068718,0.52250504,0.0384073,0.29413944,0.55582243,-1.8124812
0.32822526,-1.1826288,-0.68846387,0.22666876,0.6626107,-0.21198389,1.1162735,-2.018949
0.3051082,-1.0851792,-0.841349,0.06472988,0.7744563,-0.4316967,1.0772475,-1.3108059
0.26694587,-0.9860418,-0.9443098,-0.021902708,0.906911,-0.62833995,1.1345215,-0.9042766
0.21580718,-0.8804441,-1.0149333,-0.040230736,1.0416921,-0.7899129,1.213118,-0.6070337
0.1545121,-0.7681595,-1.0599403,0.0064610024,1.1596179,-0.91042536,1.2800293,-0.35483813
0.08574899,-0.6506485,-1.0829389,0.10185741,1.2584857,-0.9995759,1.329855,-0.14089626
0.011310437,-0.52931136,-1.0877122,0.22836016,1.3414122,-1.069451,1.3653505,0.033063322
-0.06767524,-0.40540415,-1.0776674,0.37455264,1.4068409,-1.1263746,1.3868264,0.17576328
-0.15036389,-0.28025255,-1.0552027,0.5324519,1.4502163,-1.1723064,1.3926744,0.29863814
-0.23597132,-0.15534593,-1.0217433,0.69517094,1.4669471,-1.2073507,1.3811849,0.41041157
-0.3237143,-0.032269936,-0.9780824,0.85613596,1.4546746,-1.2316505,1.3521025,0.51581126
-0.41284612,0.08745191,-0.9247218,1.0093696,1.4138894,-1.2461022,1.3070298,0.6165541
-0.50270826,0.20250413,-0.86208457,1.1499449,1.347236,-1.25219,1.2488451,0.71281874
-0.5927567,0.31185424,-0.79060477,1.274123,1.2584277,-1.251527,1.1808238,0.80432206
-0.68255645,0.41475648,-0.7107434,1.3791767,1.1514231,-1.2454897,1.1059823,0.8908181
-0.77175796,0.51071215,-0.62297887,1.4630941,1.0300215,-1.2350492,1.0267764,0.97216946
-0.86006624,0.59941757,-0.52780336,1.5243512,0.897817,-1.2207798,0.94513226,1.0481483
-0.94722986,0.6807674,-0.42578962,1.5623738,0.75928843,-1.2034684,0.86393815,1.1168464
-1.0330645,0.75497466,-0.3177936,1.5778112,0.6193874,-1.1840125,0.7869062,1.174631
-1.1174374,0.82254237,-0.20499225,1.572299,0.48209104,-1.1629928,0.716705,1.2185216
-1.2002553,0.884161,-0.08877796,1.5484983,0.35039967,-1.1409518,0.65480983,1.2470264
-1.2814631,0.9405954,0.029402226,1.5095621,0.22624491,-1.1183887,0.6013957,1.2604765
-1.3610364,0.9925727,0.14820682,1.4583328,0.11057241,-1.0956206,0.5555087,1.2606709
-1.4389639,1.0407016,0.26650155,1.3968306,0.0036838998,-1.0727121,0.5155729,1.2500668
-1.5152318,1.085444,0.3833838,1.3262794,-0.094351694,-1.049535,0.47998822,1.2310303
-1.589814,1.1271328,0.49815357,1.2474856,-0.18343112,-1.0259012,0.44754317,1.2054722
-1.6538155,1.151423,0.6205766,0.80571693,-0.30357194,-0.7716266,0.11676383,1.373153
-1.6871306,1.1273413,0.7695128,-0.17737553,-0.4045251,-0.17923857,-0.6137833,1.7475364
-1.6804861,1.044792,0.9441514,-1.0900161,-0.43046993,0.35378867,-1.2083391,1.9413431
-1.636954,0.9122134,1.1320473,-1.9468327,-0.4671158,0.8351679,-1.7236526,2.035449
-1.5619502,0.7373153,1.3251449,-2.6873655,-0.56753033,1.2232008,-2.147866,2.0541
-1.4739051,0.5511541,1.48696,-2.5651033,-0.63381016,1.2194943,-2.0113094,1.4363922
-1.4055808,0.41268823,1.5494888,-1.1784261,-0.5423746,0.69470006,-1.0923375,-0.08115434
-1.3485674,0.30727938,1.5350194,-1.4128832,-0.67380583,0.8923163,-1.2715106,-0.18537103
-1.2779151,0.18568645,1.5149559,-1.6037328,-0.82517093,1.0521625,-1.4187521,-0.24235639
-1.1978208,0.053986605,1.4890841,-1.6922721,-0.9764087,1.156422,-1.4976796,-0.30936646
-1.1117979,-0.08218418,1.4563938,-1.6946143,-1.1180203,1.2191617,-1.5205971,-0.38678446
-1.0223185,-0.21847114,1.4160573,-1.6324102,-1.2453889,1.2544988,-1.5027777,-0.4710873
-0.9309368,-0.35184523,1.3676095,-1.5249671,-1.3573561,1.2734476,-1.457824,-0.5585511
-0.8385557,-0.48033673,1.3108752,-1.3860021,-1.4539919,1.2831248,-1.3955569,-0.64683926
-0.74568504,-0.60269016,1.2458292,-1.224165,-1.5352361,1.2874897,-1.3221691,-0.7350341
-0.65262955,-0.7180813,1.1724836,-1.0448232,-1.6004543,1.2884504,-1.2412313,-0.82319736
-0.55960375,-0.8259254,1.0908139,-0.8516226,-1.64843,1.2867181,-1.1546245,-0.911983
-0.46679765,-0.9257552,1.0007173,-0.64750046,-1.6774622,1.282314,-1.0631621,-1.0023669
-0.37441623,-1.017146,0.9019951,-0.43543252,-1.6854918,1.2748617,-0.96712387,-1.0952616
-0.28269157,-1.0997505,0.79445416,-0.22050141,-1.6706116,1.2640266,-0.86836267,-1.189092
-0.19280234,-1.1720283,0.6776432,0.002422907,-1.6060858,1.2258202,-0.7402238,-1.291199
-0.10660209,-1.2316159,0.55085564,0.21450238,-1.4934009,1.1627697,-0.5883356,-1.3994644
-0.025490053,-1.2771732,0.41401094,0.39645377,-1.3439236,1.0846606,-0.42949623,-1.5027355
0.049674205,-1.3086863,0.26821738,0.536774,-1.1680921,0.99757224,-0.27693862,-1.5875962
0.11837792,-1.3271083,0.115694046,0.63125837,-0.9768696,0.90547967,-0.13890554,-1.6447701
0.18025023,-1.3337061,-0.040964738,0.6815241,-0.7777985,0.8083434,-0.0141476365,-1.6756017
0.2346347,-1.3290294,-0.19988455,0.68953234,-0.5682395,0.69819975,0.11152519,-1.6928428
0.2797289,-1.3114618,-0.3609503,0.6487345,-0.32578638,0.551396,0.27106044,-1.7194029
0.30965042,-1.2729095,-0.5282241,0.51858914,0.046983913,0.27868858,0.57321554,-1.8167443
0.31182075,-1.1960082,-0.7097333,0.2404922,0.66846204,-0.22268881,1.1240543,-2.0141122
0.28800178,-1.0977477,-0.8626151,0.08202208,0.78046864,-0.44057932,1.0869482,-1.3140181
0.24926996,-0.99773765,-0.966049,-0.0005274333,0.91187984,-0.63516945,1.1440158,-0.91081476
0.19771832,-0.8913138,-1.0373979,-0.01462445,1.0446016,-0.7945995,1.2220557,-0.61581314
0.13614926,-0.7782259,-1.083328,0.035599876,1.159906,-0.91340625,1.2890488,-0.3655899
0.067221835,-0.6598807,-1.1074116,0.1340207,1.2556616,-1.0012213,1.3394517,-0.15312847
-0.0073002735,-0.5376379,-1.1133968,0.2631997,1.3354725,-1.070205,1.3759545,0.01956894
-0.08632326,-0.4127162,-1.1046798,0.41177663,1.3981748,-1.126742,1.3988322,0.16106214
-0.16903944,-0.28640974,-1.0836523,0.5717774,1.4393866,-1.1727787,1.4063725,0.28284824
-0.25469682,-0.16019039,-1.0517204,0.73631066,1.4544712,-1.2083176,1.3966591,0.39381704
-0.34253502,-0.035647534,-1.0096434,0.8987986,1.4408985,-1.2333537,1.3691858,0.49884263
-0.43181968,0.085670374,-0.9578786,1.0532622,1.3989749,-1.24865,1.3253486,0.5997126
-0.5218967,0.2024083,-0.8968013,1.1947747,1.3312074,-1.255603,1.2679093,0.6966093
-0.6122216,0.31348765,-0.82679915,1.3195947,1.2412201,-1.2557819,1.2001089,0.78922343
-0.70235723,0.41811574,-0.7482891,1.4249814,1.1329119,-1.2505479,1.124977,0.87728965
-0.79195094,0.5157492,-0.6617062,1.508888,1.0100359,-1.2408679,1.0449973,0.96067977
-0.8807044,0.6060415,-0.56749636,1.5697095,0.8761165,-1.227293,0.9620788,1.0392437
-0.96835566,0.6888267,-0.4661614,1.6066155,0.73533297,-1.2104474,0.8787516,1.1115094
-1.0547032,0.7642425,-0.35846335,1.6200681,0.5927632,-1.1912283,0.7988597,1.1737556
-1.1395978,0.8327409,-0.24551535,1.6115267,0.45263574,-1.1702133,0.72540647,1.2225335
-1.2229296,0.89499515,-0.12869826,1.5836331,0.3182369,-1.147962,0.6602763,1.2557356
-1.3046308,0.9517903,-0.009503917,1.539789,0.1917677,-1.1250546,0.60404253,1.2731551
-1.3846713,1.0039034,0.110642776,1.4832754,0.074338816,-1.1019306,0.55600077,1.2763298
-1.4630433,1.0520061,0.23051438,1.4165407,-0.033724472,-1.0787582,0.5146048,1.2677581
-1.5397416,1.096617,0.34912834,1.3410696,-0.13242976,-1.0554554,0.47810864,1.250019
-1.6147498,1.138109,0.46572652,1.257738,-0.22177742,-1.0318215,0.44508544,1.2252525
-1.6801081,1.1636424,0.5890552,0.8493931,-0.33101323,-0.8017765,0.14464375,1.374304
-1.7155865,1.1418896,0.7385051,-0.1333647,-0.4136109,-0.20987393,-0.588459,1.7555815
-1.7112647,1.0617522,0.9139332,-1.040627,-0.4178789,0.320508,-1.1801544,1.9497585
-1.6700755,0.9317306,1.1026428,-1.8993196,-0.4290314,0.8041751,-1.6955293,2.044559
-1.59713,0.7592657,1.2966939,-2.649796,-0.50501114,1.1973963,-2.12231,2.0655544
-1.510673,0.57531637,1.459333,-2.5433476,-0.57127464,1.2010777,-1.988302,1.4438437
-1.4332703,0.41857943,1.5494457,-1.3448317,-0.5318048,0.74501264,-1.1875945,0.08681492
-1.3771458,0.31332484,1.5387732,-1.4126008,-0.6364539,0.87074554,-1.2537282,-0.17263903
-1.3077596,0.19293855,1.5197707,-1.620263,-0.7826366,1.0382884,-1.4094248,-0.2322409
-1.2284503,0.06177163,1.4947872,-1.7233634,-0.93177646,1.1481506,-1.4947994,-0.30045316
-1.1428834,-0.074350774,1.462907,-1.7372721,-1.0737318,1.2144798,-1.5220798,-0.3784286
-1.0536586,-0.21090288,1.4233415,-1.6839234,-1.2031157,1.2519133,-1.5069584,-0.46304128
-0.962417,-0.3447313,1.3756416,-1.5833225,-1.3182256,1.272036,-1.4636031,-0.5506933
-0.870111,-0.47378975,1.3196421,-1.4498084,-1.4188362,1.282397,-1.4023054,-0.63907427
-0.7772754,-0.5967811,1.2553264,-1.2924038,-1.504743,1.2872212,-1.3295623,-0.7272731
-0.68422544,-0.7128602,1.1827146,-1.1166306,-1.5752343,1.2885607,-1.2491158,-0.8153575
-0.5911783,-0.8214333,1.1017898,-0.92614794,-1.6290399,1.2872024,-1.162938,-0.90398836
-0.49832284,-0.92202985,1.0124558,-0.7238261,-1.6644104,1.283209,-1.071891,-0.9941552
-0.40586042,-1.014224,0.9145175,-0.5124727,-1.6792154,1.2762191,-0.976223,-1.0868583
-0.31402028,-1.0976536,0.8077626,-0.2968244,-1.6713806,1.2658838,-0.87755066,-1.180883
-0.22358653,-1.1713637,0.69193894,-0.076061815,-1.6248008,1.2382251,-0.761922,-1.2785796
-0.13627681,-1.2332214,0.56648636,0.14166208,-1.5252231,1.1808746,-0.6166596,-1.3839871
-0.053746946,-1.281456,0.4311349,0.3339584,-1.3854333,1.1058832,-0.46047866,-1.4868336
0.022992456,-1.3157336,0.2867363,0.48736435,-1.2159263,1.0201187,-0.3073201,-1.5741292
0.09333023,-1.3367774,0.1352858,0.5958189,-1.027935,0.92831916,-0.16682471,-1.6354963
0.15686558,-1.3457924,-0.020680465,0.6597283,-0.8302875,0.8316616,-0.040019296,-1.6700721
0.21303082,-1.3435059,-0.17912826,0.6813552,-0.6230318,0.7242571,0.08429843,-1.6883856
0.26035282,-1.3288621,-0.3395403,0.6569262,-0.38926592,0.58700395,0.23366868,-1.7105356
0.2943571,-1.2959515,-0.5046262,0.5593764,-0.060319774,0.35609412,0.48667574,-1.7819043
0.30214542,-1.2265441,-0.68370956,0.305675,0.5610043,-0.14325128,1.0418564,-1.9948208
0.27456093,-1.1103444,-0.87677336,0.03289017,1.1668134,-0.6206442,1.5310023,-2.093003
0.224594,-0.97704196,-1.0384519,-0.039366018,1.2288607,-0.7702218,1.4583468,-1.4153409
0.16430424,-0.8452489,-1.1515148,-0.03834037,1.3214649,-0.9051925,1.4794574,-1.0119114
0.095150106,-0.71014196,-1.2318999,0.022148047,1.4140345,-1.0148747,1.5249352,-0.70438206
0.019171163,-0.5710887,-1.285106,0.13427864,1.484939,-1.0948615,1.564184,-0.43064183
-0.061729655,-0.4291116,-1.314092,0.2807267,1.5330493,-1.1532366,1.5896269,-0.19223095
-0.1463099,-0.28554592,-1.3226008,0.44573203,1.5608141,-1.1978011,1.5990798,0.0045086783
-0.23370849,-0.1419337,-1.3143288,0.61932254,1.5667461,-1.2317418,1.590399,0.1658675
-0.32321116,5.1833496e-05,-1.2921137,0.7945129,1.5487834,-1.2563729,1.563001,0.30236998
-0.41419014,0.13877858,-1.257861,0.9659524,1.5065526,-1.2729493,1.5183598,0.42273396
-0.50612026,0.2728189,-1.2128042,1.1295147,1.4415009,-1.2830404,1.4593768,0.5325646
-0.598591,0.40103024,-1.1577636,1.2820034,1.3559577,-1.2881851,1.3893214,0.63523054
-0.6912909,0.5225495,-1.0933046,1.4207643,1.2523097,-1.2895525,1.3110442,0.73292464
-0.7839751,0.63673764,-1.0198141,1.54332,1.1326643,-1.2878255,1.2266513,0.8273182
-0.8764315,0.7431101,-0.93753386,1.647107,0.99885684,-1.2832328,1.1374847,0.9198491
-0.96845007,0.8412731,-0.84657854,1.7293162,0.8526,-1.2756234,1.0442462,1.0117685
-1.0597994,0.93087804,-0.7469623,1.7868634,0.69586295,-1.2646075,0.9474242,1.1037699
-1.150228,1.0116953,-0.6387606,1.8167393,0.5325166,-1.2500556,0.8495099,1.1933969
-1.239472,1.0837861,-0.5224277,1.8163204,0.3673849,-1.2316731,0.7540471,1.275525
-1.327247,1.1475332,-0.3989473,1.7847905,0.20549405,-1.2093151,0.66465497,1.3442267
-1.4132823,1.2036415,-0.26984167,1.7245595,0.05170135,-1.1835645,0.58476776,1.3943046
-1.4973783,1.2530843,-0.13701437,1.6412414,-0.09025408,-1.155774,0.51674664,1.4231249
-1.5794474,1.2969648,-0.0024537474,1.5418986,-0.2185065,-1.12757,0.46102172,1.4315372
-1.6595079,1.3363315,0.1320719,1.4326288,-0.33297378,-1.1001837,0.41602054,1.4231104
-1.7376406,1.3720307,0.26518726,1.3171281,-0.43451518,-1.074088,0.37901422,1.402304
-1.813935,1.4046551,0.39591482,1.1968594,-0.5240171,-1.0491039,0.3472661,1.3729306
-1.8705387,1.4058806,0.5443017,0.39964497,-0.5550645,-0.5514893,-0.27705052,1.7310016
-1.8925662,1.3560776,0.7179691,-0.38195634,-0.4898425,-0.07282487,-0.8100362,1.9299413
-1.8808849,1.2619159,0.9044777,-1.1442271,-0.38131043,0.3890123,-1.275893,2.0200899
-1.8370252,1.12785,1.0968277,-1.8773553,-0.3013087,0.8117148,-1.6945298,2.0584037
-1.7652892,0.9586992,1.2909993,-2.547457,-0.30016372,1.1595312,-2.0551224,2.0598714
-1.6811491,0.7801301,1.4539837,-2.4869888,-0.35979852,1.1744673,-1.9358653,1.4566094
-1.6044993,0.62583745,1.5465323,-1.3900559,-0.40515932,0.75809205,-1.2009659,0.12298244
-1.54875,0.52114445,1.5383356,-1.4151553,-0.4796876,0.84777266,-1.2280564,-0.14879113
-1.4817822,0.4038868,1.5220376,-1.6252166,-0.5898212,0.9973373,-1.37007,-0.19723089
-1.4055485,0.27595168,1.50112,-1.7669439,-0.71909964,1.1060482,-1.4655712,-0.24866845
-1.3227422,0.14144513,1.4749167,-1.8390538,-0.8564971,1.1809095,-1.5167085,-0.31009036
-1.2355429,0.004157467,1.4424106,-1.846849,-0.9927934,1.2291963,-1.5284804,-0.38227955
-1.1455988,-0.13269766,1.402702,-1.8007647,-1.1218491,1.2582657,-1.5084875,-0.46248993
-1.054053,-0.2666377,1.3552014,-1.7125738,-1.2403158,1.2745994,-1.4650064,-0.5472453
-0.96163934,-0.39588135,1.2996143,-1.5922827,-1.3464916,1.2829832,-1.4051218,-0.6339197
-0.8688133,-0.51919925,1.2358351,-1.4471554,-1.4392505,1.2864162,-1.3339871,-0.7211057
-0.7758668,-0.63574225,1.1638414,-1.2821838,-1.5174354,1.2865009,-1.254965,-0.80839974
-0.68301284,-0.7448993,1.0836141,-1.1009451,-1.5796229,1.2839019,-1.1700552,-0.89607686
-0.59043974,-0.846193,0.9950877,-0.90633166,-1.6240617,1.2786779,-1.080291,-0.98480827
-0.4983472,-0.9392077,0.89812523,-0.70110065,-1.6486826,1.2704884,-0.9860761,-1.0753675
-0.40696153,-1.0235889,0.7925718,-0.4895767,-1.6514885,1.2590384,-0.8888603,-1.1667943
-0.3165287,-1.0992051,0.6785245,-0.2780692,-1.6306804,1.2439418,-0.7917853,-1.254933
-0.22802795,-1.1651103,0.55605423,-0.063121825,-1.5664284,1.2068082,-0.6751531,-1.3444847
-0.14322263,-1.2193625,0.4249594,0.14265929,-1.4530296,1.1428299,-0.5351147,-1.4363755
-0.063620746,-1.2606646,0.2855262,0.3196622,-1.3032328,1.0628507,-0.3886597,-1.5196764
0.009870669,-1.2889936,0.13907541,0.4573167,-1.1286067,0.97346133,-0.24750857,-1.5840694
0.076680884,-1.3050562,-0.012377557,0.55233383,-0.9389233,0.877703,-0.11626337,-1.6255581
0.13623351,-1.3094676,-0.16693735,0.60552853,-0.73699933,0.7724397,0.011368231,-1.6501126
0.18734306,-1.3016165,-0.32376394,0.6156846,-0.512059,0.64403176,0.1555955,-1.6728967
0.22687571,-1.2776588,-0.48423588,0.56983256,-0.22126949,0.45238075,0.36686066,-1.7239562
0.2429549,-1.220482,-0.65765435,0.39620438,0.3691517,-0.006679161,0.8870264,-1.932108
0.22466804,-1.1168635,-0.846453,0.16543771,1.0050372,-0.5016136,1.4062068,-2.062106
0.18239993,-0.9938935,-1.0053655,0.07559545,1.0910324,-0.6749853,1.3529204,-1.3879879
0.12820359,-0.87081355,-1.1160883,0.062246934,1.2014676,-0.8308766,1.3908685,-0.9897604
0.0637458,-0.7429942,-1.1946918,0.11197588,1.309461,-0.95830667,1.4512454,-0.68897814
-0.008689949,-0.6099734,-1.2468128,0.21611209,1.3938501,-1.0524538,1.5033946,-0.42286804
-0.086936735,-0.47295952,-1.275381,0.3574908,1.4530703,-1.1214974,1.5398657,-0.19087997
-0.16953771,-0.33341348,-1.2840041,0.5197567,1.4901558,-1.1742932,1.5593868,0.0009931938
-0.25548849,-0.1929416,-1.2762305,0.6919893,1.5039715,-1.2148399,1.5601819,0.15905248
-0.34397048,-0.053279635,-1.254754,0.8662207,1.492309,-1.2447265,1.5413791,0.29373085
-0.4342583,0.08383748,-1.2213497,1.0361973,1.4544737,-1.2651845,1.5039341,0.41353634
-0.52572733,0.21684039,-1.1771481,1.1970799,1.3918546,-1.2777911,1.4504577,0.52371067
-0.61787367,0.34443542,-1.1229053,1.3452405,1.3071054,-1.2842503,1.3842951,0.62718064
-0.7103084,0.4656279,-1.0591632,1.4778805,1.2031766,-1.2859986,1.3086267,0.7257243
-0.8027299,0.5796819,-0.986321,1.5926061,1.0827978,-1.2840016,1.2259775,0.8206779
-0.89488804,0.6860536,-0.9046603,1.6870933,0.94838065,-1.2787313,1.1380963,0.91321784
-0.98655075,0.7843244,-0.8143583,1.7588779,0.802137,-1.2702261,1.0460399,1.0043766
-1.0774759,0.87414896,-0.7155098,1.8053145,0.6464107,-1.2582263,0.95053303,1.0947176
-1.1674104,0.9553118,-0.6082698,1.8241459,0.4852688,-1.2427541,0.8541315,1.1818936
-1.2561034,1.0278994,-0.49316293,1.8137459,0.3237026,-1.223748,0.7605289,1.2608958
-1.343298,1.0923254,-0.37122157,1.7741787,0.16662015,-1.2012185,0.6732995,1.3261564
-1.4287583,1.1493121,-0.24397224,1.7083706,0.018485265,-1.175785,0.59562886,1.3730378
-1.512317,1.1998216,-0.11326853,1.6218765,-0.11749218,-1.1486828,0.5295147,1.399451
-1.5939045,1.2449143,0.018990936,1.5211719,-0.23988977,-1.1213027,0.47507972,1.4065108
-1.6735402,1.2855768,0.15113476,1.4115788,-0.34882694,-1.0946267,0.4306489,1.3976797
-1.7512901,1.3225945,0.28186223,1.2962116,-0.44513747,-1.0689689,0.39360902,1.3770874
-1.8251578,1.3530924,0.41277444,1.0984558,-0.528511,-0.9904873,0.2910966,1.3966798
-1.8752884,1.3457408,0.5653676,0.1989886,-0.53358567,-0.4303412,-0.409567,1.7924192
-1.8885404,1.2843589,0.7435313,-0.59841055,-0.44881976,0.05291511,-0.93974066,1.9685748
-1.8674657,1.1781068,0.93331313,-1.3829525,-0.33598903,0.52109855,-1.4136341,2.0517871
-1.8143436,1.0316201,1.1283737,-2.1235225,-0.2699629,0.9345609,-1.8314537,2.083856
-1.7343403,0.85043633,1.3244938,-2.788741,-0.28944737,1.2655238,-2.1847937,2.0748074
-1.6438923,0.66163504,1.4882894,-2.6725407,-0.36872023,1.2454517,-2.034665,1.4582525
-1.5742025,0.52154094,1.5510587,-1.2586027,-0.42356446,0.7042357,-1.1014355,-0.09741205
-1.5172218,0.41635343,1.5354303,-1.4872394,-0.5138984,0.88324016,-1.2594373,-0.19246681
-1.4475988,0.2962598,1.5152621,-1.6972933,-0.6322912,1.034369,-1.3999428,-0.23728547
-1.3688322,0.16607313,1.4904505,-1.823617,-0.7661856,1.1384735,-1.484434,-0.29212037
-1.2839656,0.03058748,1.4598778,-1.8715267,-0.9041557,1.2053831,-1.5191242,-0.3595496
-1.1953028,-0.106138684,1.4224498,-1.8537627,-1.0378976,1.2455082,-1.5138149,-0.437089
-1.1044295,-0.24099487,1.3774043,-1.7854134,-1.1626947,1.2680864,-1.4792846,-0.52069175
-1.0123473,-0.37178528,1.324337,-1.6794903,-1.2762419,1.2799747,-1.4247749,-0.60704213
-0.919657,-0.49703178,1.2630894,-1.5453128,-1.3772484,1.285502,-1.3569524,-0.69423616
-0.8267219,-0.61574525,1.1936228,-1.3890113,-1.4645613,1.2870322,-1.2801087,-0.7815843
-0.7337855,-0.72723883,1.1159214,-1.2146727,-1.5367955,1.2856411,-1.1967795,-0.8692198
-0.6410444,-0.8309965,1.0299314,-1.0253258,-1.5922301,1.2816128,-1.1083027,-0.95776844
-0.5486939,-0.9265842,0.93552756,-0.8236146,-1.6287942,1.2747316,-1.0152174,-1.0480784
-0.45695424,-1.0136104,0.83252555,-0.61299795,-1.644262,1.2646302,-0.9183325,-1.140126
-0.36606622,-1.0918531,0.7208967,-0.39937887,-1.6365528,1.2510053,-0.8205117,-1.2305486
-0.27633965,-1.1613214,0.60101277,-0.18875074,-1.6030324,1.2323647,-0.72393554,-1.3144553
-0.1893181,-1.2204087,0.47285095,0.027014853,-1.5121758,1.178303,-0.59296995,-1.4048156
-0.10694503,-1.2670511,0.336276,0.22197254,-1.3792729,1.1041483,-0.4490273,-1.4912412
-0.03036769,-1.300717,0.19217701,0.38188404,-1.2157336,1.0177579,-0.30555415,-1.5629551
0.039706286,-1.3218325,0.042316362,0.50026876,-1.0324858,0.92392313,-0.17052482,-1.6128538
0.10273756,-1.3311183,-0.11129465,0.5764871,-0.8361262,0.8226467,-0.042705175,-1.6426247
0.15788728,-1.3286088,-0.26729885,0.6109275,-0.6228804,0.70568836,0.091331914,-1.6634173
0.20313919,-1.312252,-0.42591032,0.5977591,-0.3689739,0.5488558,0.26359776,-1.6960171
0.23209822,-1.2732192,-0.59156376,0.5043373,0.034221724,0.25514045,0.5903877,-1.8047314
0.2325905,-1.1950233,-0.77139676,0.29688242,0.67095846,-0.24537984,1.1362478,-1.9923711
0.20730014,-1.0951151,-0.9237127,0.1591153,0.7899129,-0.45919466,1.1096543,-1.3189827
0.1673241,-0.9928312,-1.028202,0.09604695,0.92487514,-0.65120876,1.1713879,-0.9271271
0.11468101,-0.8837858,-1.1014192,0.10022659,1.0572499,-0.80909675,1.2530793,-0.638476
0.052084874,-0.7677052,-1.1496528,0.16579527,1.1689556,-0.9275274,1.3246647,-0.39140594
-0.017859131,-0.64594036,-1.1762247,0.27728546,1.2578273,-1.0153273,1.3797818,-0.1799185
-0.093396455,-0.51988286,-1.1847417,0.41797426,1.3281299,-1.0842406,1.4202356,-0.0073693222
-0.17342143,-0.39084548,-1.1785641,0.57642096,1.3792821,-1.1404655,1.4458029,0.13406065
-0.25710773,-0.26024464,-1.1600821,0.74410707,1.4074951,-1.1859426,1.4546252,0.25579298
-0.34368986,-0.12967488,-1.1306946,0.9135977,1.4088472,-1.2208165,1.4449142,0.36686432
-0.43240783,-0.00082822214,-1.0911397,1.0781213,1.3815985,-1.2453083,1.4164591,0.47228774
-0.522544,0.124673106,-1.0418407,1.2319221,1.3267356,-1.2603934,1.3709751,0.573973
-0.6134732,0.24542505,-0.98312706,1.3705407,1.2471702,-1.2675849,1.3114412,0.6722511
-0.70468396,0.3603129,-0.9153247,1.4907153,1.1466267,-1.2684532,1.2411675,0.76700085
-0.7957691,0.4685082,-0.8387694,1.5900404,1.0288818,-1.2642766,1.1631278,0.8581752
-0.886398,0.5694228,-0.7537933,1.6666005,0.8974572,-1.2558931,1.0796667,0.94588774
-0.9762841,0.66265,-0.66071594,1.7187052,0.75561905,-1.2436965,0.9924949,1.0302562
-1.0651599,0.747929,-0.55987084,1.7450755,0.60699415,-1.2279489,0.9034842,1.1105042
-1.1527938,0.8252566,-0.4518029,1.7457025,0.4566494,-1.2093275,0.8164102,1.1829208
-1.2389952,0.89497256,-0.33746004,1.7215819,0.30925786,-1.1882651,0.73482317,1.2430848
-1.3236052,0.9577007,-0.21817552,1.6752535,0.1687018,-1.1652681,0.6614594,1.2874198
-1.40651,1.0142618,-0.09553621,1.6107607,0.03777826,-1.1410854,0.5978837,1.3142624
-1.4876534,1.0655507,0.028825587,1.5326568,-0.08205092,-1.1165075,0.54415107,1.3243011
-1.5670283,1.1124023,0.15343459,1.4447573,-0.19047642,-1.0920663,0.49894974,1.3200178
-1.6446518,1.1554954,0.27708915,1.3494862,-0.2877946,-1.0678979,0.46025193,1.3045459
-1.7205387,1.1953235,0.3988735,1.2480687,-0.37436637,-1.0438337,0.42608207,1.2807096
-1.7822877,1.211729,0.532834,0.64708126,-0.45357257,-0.6952749,-0.028685544,1.5323983
-1.8117422,1.1776271,0.6940992,-0.27706006,-0.44464177,-0.14260124,-0.6974544,1.8530576
-1.8032141,1.0893174,0.87684655,-1.1505516,-0.37248132,0.3705859,-1.2548016,2.0107539
-1.7590246,0.9538322,1.070179,-1.980509,-0.31873947,0.8374159,-1.7433513,2.0837824
-1.6842452,0.7780412,1.2673059,-2.715274,-0.340638,1.2155747,-2.1494925,2.0929923
-1.5968438,0.5924542,1.4317765,-2.6042488,-0.41383967,1.2099861,-1.9992754,1.457498
-1.5113807,0.4202596,1.5424179,-1.8318098,-0.47455525,0.9230108,-1.4714222,0.46235934
-1.4526873,0.30888525,1.5417669,-1.4880944,-0.5558578,0.86526257,-1.2580029,-0.15070584
-1.3835835,0.1880181,1.5244247,-1.7119905,-0.68589264,1.0356858,-1.4155139,-0.21847065
-1.3044018,0.056288596,1.5004541,-1.8301492,-0.82589346,1.1470047,-1.5009825,-0.29231292
-1.2188953,-0.08035496,1.4691597,-1.8577474,-0.9648447,1.2138429,-1.5273886,-0.37382367
-1.1297112,-0.21733458,1.4299234,-1.8169438,-1.0960305,1.25139,-1.5111579,-0.46044648
-1.0385057,-0.35149664,1.3824143,-1.7279137,-1.2165118,1.2715613,-1.466865,-0.54910576
-0.9462305,-0.4808174,1.3265415,-1.604978,-1.3251429,1.2820318,-1.4049237,-0.63789475
-0.8534148,-0.6040258,1.2623314,-1.4569966,-1.4211038,1.2870477,-1.3318089,-0.7261765
-0.7603682,-0.7202983,1.1898254,-1.2892497,-1.5032775,1.2886484,-1.2511947,-0.8141901
-0.66730374,-0.8290561,1.1090162,-1.1051153,-1.5701061,1.2876031,-1.1649826,-0.90270156
-0.5744069,-0.92983806,1.0198083,-0.9071556,-1.6196064,1.2839628,-1.0739751,-0.9927711
-0.48187643,-1.0222225,0.9220018,-0.6978386,-1.6494186,1.2773573,-0.97836244,-1.0854667
-0.38994005,-1.1058444,0.8153706,-0.48154268,-1.6570799,1.2674167,-0.87966853,-1.1796875
-0.29885885,-1.1805582,0.69995546,-0.26454142,-1.6400121,1.2534758,-0.78086597,-1.271173
-0.2098112,-1.2451438,0.57568896,-0.04197318,-1.5738566,1.2126744,-0.6570133,-1.3664477
-0.124643676,-1.2975836,0.44232246,0.1682886,-1.4594833,1.1469408,-0.5129777,-1.4626505
-0.04478742,-1.3367978,0.30028456,0.34801733,-1.3080441,1.0656186,-0.36433274,-1.5486108
0.02886645,-1.3629138,0.15107426,0.48708552,-1.1309928,0.9750199,-0.22258596,-1.6135954
0.09576318,-1.376783,-0.0030961614,0.5825766,-0.93877745,0.8784043,-0.09234629,-1.653681
0.15536992,-1.3791722,-0.16016202,0.6357249,-0.73530585,0.77311367,0.032565236,-1.6753107
0.20658982,-1.3696531,-0.31914937,0.6456877,-0.51126003,0.64624506,0.171788,-1.6938643
0.24647333,-1.3447025,-0.4812587,0.5997548,-0.22710761,0.45960855,0.37328485,-1.7382765
0.26386487,-1.2884496,-0.6550862,0.42664,0.33034635,0.02229103,0.8608881,-1.9278326
0.24824946,-1.1883012,-0.84299785,0.19267766,0.93808085,-0.4575882,1.3564218,-2.0485055
0.20883864,-1.0696108,-1.000754,0.08205571,1.0270939,-0.63911414,1.307011,-1.3767049
0.15707092,-0.95061105,-1.1105235,0.051832777,1.1368687,-0.79871863,1.3457687,-0.98106205
0.0948706,-0.8268319,-1.1885252,0.08727109,1.2452787,-0.92765945,1.406711,-0.68561304
0.024602233,-0.6977324,-1.2407463,0.1790244,1.3330066,-1.0229052,1.4610522,-0.42864814
-0.051552467,-0.5643569,-1.2703152,0.31055856,1.3980726,-1.0930744,1.5017554,-0.20630173
-0.13217324,-0.4279414,-1.280819,0.4656873,1.4441998,-1.1480012,1.528449,-0.02336356
-0.21635106,-0.28981382,-1.275712,0.63371557,1.4704692,-1.1921734,1.5394591,0.1270196
-0.30336577,-0.15147793,-1.2575482,0.8067983,1.4736137,-1.2267915,1.5328093,0.25571132
-0.39254045,-0.014571507,-1.2279294,0.9783623,1.4511037,-1.252185,1.5077084,0.37148216
-0.4832339,0.11928117,-1.1878036,1.1428561,1.4027134,-1.2691209,1.4652668,0.4794699
-0.5748821,0.24862911,-1.1377727,1.2958823,1.3302829,-1.2789268,1.4080865,0.58214086
-0.66702443,0.37228715,-1.0782764,1.434097,1.2366785,-1.2830656,1.3393157,0.6806565
-0.7592984,0.48934698,-1.0096695,1.5548701,1.124929,-1.2827451,1.261861,0.77577394
-0.85141325,0.5991349,-0.9322378,1.6559079,0.99783903,-1.2787446,1.1779969,0.8682285
-0.9431184,0.70114994,-0.84619576,1.7349635,0.85795146,-1.271395,1.0892901,0.95878494
-1.0341723,0.79500335,-0.7516895,1.789668,0.7076873,-1.260632,0.99670666,1.0480986
-1.1243227,0.880397,-0.6488425,1.8177952,0.5502148,-1.246357,0.9017122,1.1355332
-1.2133244,0.95726717,-0.53800213,1.8178855,0.39044133,-1.2287598,0.8078734,1.2170501
-1.3009374,1.0258826,-0.41997036,1.7894672,0.2332733,-1.2078284,0.71881396,1.2873818
-1.3869298,1.0868267,-0.29604396,1.7343063,0.0832933,-1.1838894,0.6378678,1.3415232
-1.4711145,1.1409513,-0.16791756,1.6568238,-0.055836562,-1.1578672,0.5675339,1.3762884
-1.5533868,1.189266,-0.03745188,1.5630349,-0.18203092,-1.1310335,0.5087199,1.3914248
-1.6337304,1.2327776,0.093604475,1.4586154,-0.2948536,-1.1044865,0.46047723,1.3894128
-1.7121891,1.2723421,0.22381356,1.3474255,-0.3949007,-1.0787644,0.4205491,1.3740956
-1.7888238,1.3085907,0.35210252,1.231318,-0.4829775,-1.0538309,0.3863701,1.3491794
-1.8497645,1.3191556,0.4942644,0.57547665,-0.5344603,-0.6635655,-0.115999684,1.6328065
-1.8784575,1.2803586,0.662352,-0.27067074,-0.48346195,-0.1499571,-0.71907717,1.9014173
-1.8715194,1.1923642,0.84798354,-1.0795922,-0.3742129,0.33516693,-1.228356,2.026486
-1.8305945,1.0608779,1.0419221,-1.8606079,-0.2818148,0.7841157,-1.6834708,2.0836277
-1.7599846,0.8914148,1.2388978,-2.5714538,-0.26570117,1.1548265,-2.0713046,2.0924177
-1.6762459,0.7121011,1.4036845,-2.5021398,-0.32860336,1.168323,-1.9379727,1.4656465
-1.5908457,0.54009086,1.521513,-2.4731972,-0.41349217,1.1957586,-1.8927648,1.0568409
-1.5264987,0.41653946,1.5433908,-1.4572979,-0.48477727,0.8345594,-1.2308778,-0.11407935
-1.4596819,0.29810274,1.5293959,-1.6901052,-0.59817636,1.0043952,-1.3908949,-0.18254551
-1.3825736,0.16807574,1.5090004,-1.8338704,-0.7294478,1.1214592,-1.4889208,-0.25183252
-1.2986255,0.03178649,1.4817815,-1.8935032,-0.8667494,1.1961805,-1.5317196,-0.32785204
-1.210455,-0.106288366,1.4470788,-1.8831718,-1.0011517,1.2406029,-1.5307046,-0.410453
-1.1198436,-0.24276927,1.4043902,-1.819716,-1.1275922,1.2654948,-1.4982525,-0.49699393
-1.0278946,-0.37531725,1.3534693,-1.7174733,-1.2436826,1.2787825,-1.4447672,-0.58498126
-0.93525016,-0.50239253,1.2942545,-1.5864595,-1.3481535,1.2854007,-1.3775787,-0.67301804
-0.8422841,-0.6229865,1.2267656,-1.4330198,-1.4398712,1.2880037,-1.3012799,-0.7607386
-0.7492361,-0.73641,1.1510203,-1.2611856,-1.5174382,1.287789,-1.2185105,-0.8484877
-0.65629315,-0.8421494,1.0669816,-1.0738075,-1.5790933,1.2850927,-1.1306237,-0.9370486
-0.5636384,-0.9397722,0.9745266,-0.87329435,-1.6227074,1.2797292,-1.0381305,-1.0274305
-0.47147998,-1.0288737,0.8734438,-0.6624802,-1.6458747,1.2712597,-0.9414034,-1.1202193
-0.38005337,-1.1091657,0.7635973,-0.44671145,-1.6462046,1.2593315,-0.84282494,-1.2128851
-0.28963283,-1.1806203,0.64522064,-0.23241542,-1.6213673,1.243206,-0.7455128,-1.3004351
-0.20158073,-1.2418568,0.51831496,-0.012565913,-1.5430253,1.1956536,-0.61855394,-1.3926393
-0.1178036,-1.2908487,0.3827254,0.1906623,-1.4193918,1.1255376,-0.47524986,-1.4829901
-0.03959578,-1.326808,0.23914719,0.36106437,-1.2617459,1.0414394,-0.33003995,-1.5604666
0.03224282,-1.3500271,0.08924592,0.4903899,-1.0815105,0.94903845,-0.19267341,-1.6162567
0.09717358,-1.3613043,-0.06485374,0.57700515,-0.88740206,0.85006666,-0.06473158,-1.649579
0.154525,-1.3610423,-0.22145922,0.6218477,-0.6795537,0.739135,0.063672654,-1.6694946
0.20277631,-1.348031,-0.38020134,0.6217433,-0.44202417,0.59824336,0.21766523,-1.6936878
0.2375807,-1.31658,-0.5436214,0.5561494,-0.109680414,0.36734533,0.4700959,-1.7635622
0.24631283,-1.2489879,-0.72069687,0.35981837,0.5160997,-0.1277832,1.0179319,-1.971295
0.22000925,-1.13524,-0.9114425,0.14260292,1.1264026,-0.60090154,1.5008631,-2.067712
0.17130038,-1.0040404,-1.0717318,0.07016536,1.1959884,-0.75491226,1.4402416,-1.4081017
0.111994036,-0.87356114,-1.1845468,0.073240094,1.2907838,-0.8930132,1.4678968,-1.0132517
0.043627914,-0.7392559,-1.2653743,0.13635798,1.3829376,-1.0051887,1.5187246,-0.71222126
-0.03174353,-0.60049736,-1.3195808,0.24967091,1.4521624,-1.0876367,1.5639108,-0.44377917
-0.11219872,-0.45827445,-1.3499906,0.39634275,1.4971269,-1.1480104,1.595324,-0.20912589
-0.19646052,-0.31394085,-1.3602304,0.5608979,1.5206771,-1.194126,1.6103666,-0.015274121
-0.28363973,-0.16908365,-1.3539412,0.73317415,1.521712,-1.2292799,1.6066715,0.14358616
-0.37300074,-0.02543692,-1.3339295,0.90595603,1.4984651,-1.2548676,1.5835259,0.27790642
-0.46390042,0.11529957,-1.3020686,1.0738413,1.4508531,-1.2722361,1.5423868,0.39645985
-0.555806,0.25163418,-1.2595559,1.2328613,1.3806282,-1.2830762,1.4862497,0.50485915
-0.6483084,0.38237178,-1.2071785,1.3800929,1.2903825,-1.2890477,1.4185292,0.6064186
-0.74110496,0.5066097,-1.1454746,1.5131662,1.1826736,-1.2914077,1.3422123,0.7032534
-0.8339652,0.62368,-1.0748111,1.6298467,1.0596946,-1.2908934,1.2595096,0.7969683
-0.926694,0.7330774,-0.9954145,1.7277712,0.92331076,-1.2877697,1.1718365,0.8889752
-1.019101,0.8343926,-0.9073832,1.8043036,0.7752333,-1.2819188,1.079934,0.9805782
-1.1109762,0.92725897,-0.810701,1.8564764,0.6172451,-1.2729247,0.984073,1.0728601
-1.2020794,1.0113655,-0.7053186,1.8813037,0.45248088,-1.2604753,0.8857127,1.1648476
-1.2921524,1.0866327,-0.59145504,1.8760195,0.28572914,-1.2442514,0.7881629,1.2521148
-1.3809061,1.1532904,-0.46982396,1.8389853,0.1220645,-1.2238256,0.6949496,1.3287923
-1.4680388,1.2118943,-0.34171125,1.7714684,-0.03342371,-1.1993724,0.609746,1.3888683
-1.5532941,1.2633139,-0.20890191,1.6783545,-0.17652315,-1.1719759,0.53567415,1.4280924
-1.6365193,1.3086345,-0.073430076,1.5669947,-0.30485848,-1.143342,0.4742516,1.4455901
-1.7176867,1.3489804,0.06275724,1.4446951,-0.41810644,-1.1150945,0.42481446,1.4439414
-1.7968626,1.3853313,0.1980612,1.3165518,-0.5172612,-1.0881649,0.38496357,1.42762
-1.8741508,1.4184153,0.33131498,1.1849375,-0.6035568,-1.062667,0.35171917,1.4010532
-1.9321635,1.4205151,0.4822517,0.40477303,-0.5992464,-0.57579523,-0.2629773,1.7567439
-1.9560637,1.3720789,0.6583514,-0.36340362,-0.4957962,-0.10042406,-0.79331326,1.9549886
-1.9464582,1.2795869,0.8470739,-1.1102095,-0.34572712,0.35992116,-1.2560654,2.042214
-1.9045951,1.1473184,1.041435,-1.8352789,-0.22040457,0.7859576,-1.6747772,2.0793457
-1.8345455,0.979905,1.2375951,-2.5060236,-0.17530058,1.1383274,-2.0361083,2.081396
-1.743705,0.7861701,1.4271644,-2.9922159,-0.22020654,1.3670188,-2.2664945,1.951233
-1.6535566,0.6025431,1.564991,-1.5759267,-0.3410743,0.7862341,-1.2917194,0.30705628
-1.6051123,0.5081896,1.5487843,-1.2377101,-0.41079894,0.7306601,-1.0777916,-0.27942395
-1.5451586,0.40263116,1.5224171,-1.5188638,-0.49958828,0.9183343,-1.2593241,-0.2829281
-1.4735231,0.28313345,1.4950091,-1.7231553,-0.6159196,1.0559013,-1.3875045,-0.3028391
-1.3935571,0.1544718,1.4647597,-1.8467513,-0.7480654,1.1509093,-1.4635683,-0.34341237
-1.3080126,0.021121839,1.4297742,-1.8946161,-0.8848793,1.2122436,-1.4929676,-0.402735
-1.2189829,-0.113100044,1.388521,-1.8786169,-1.0181817,1.2491223,-1.4846027,-0.47556892
-1.1279249,-0.24524406,1.3399947,-1.8128147,-1.1430643,1.2697387,-1.4483715,-0.5563838
-1.0357767,-0.37320337,1.2836512,-1.7094173,-1.2568728,1.2802035,-1.3928274,-0.6410803
-0.9431172,-0.4955392,1.2192482,-1.5773292,-1.3579916,1.2844093,-1.3242221,-0.7273112
-0.85031146,-0.611275,1.1466955,-1.4225861,-1.4450449,1.2845081,-1.2466547,-0.8141128
-0.7576144,-0.7197259,1.0659474,-1.2493603,-1.5165215,1.2814854,-1.1626,-0.9014259
-0.66523874,-0.82037556,0.9769374,-1.0608432,-1.5706369,1.2755839,-1.0734,-0.98970085
-0.5733983,-0.91279227,0.87954587,-0.8599214,-1.6053061,1.2665716,-0.9796867,-1.0795189
-0.48232573,-0.9966287,0.773658,-0.6510502,-1.6185036,1.2542694,-0.88319325,-1.1696347
-0.3922655,-1.0717809,0.65943277,-0.44046494,-1.6083714,1.2383932,-0.7872065,-1.2557502
-0.30349347,-1.1384463,0.5375075,-0.23463774,-1.573783,1.2184675,-0.695144,-1.3321656
-0.21734022,-1.1954534,0.40819982,-0.025177097,-1.4877951,1.1677977,-0.5753747,-1.4110115
-0.13566215,-1.2409251,0.27156207,0.1668049,-1.3593878,1.0953728,-0.44064966,-1.4860561
-0.059702374,-1.2741373,0.12840228,0.32658508,-1.2002722,1.0096142,-0.30397293,-1.5480825
0.009743589,-1.2952403,-0.01977304,0.4473777,-1.0204501,0.9149571,-0.17198078,-1.5919397
0.07199208,-1.3045424,-0.17136425,0.5277216,-0.8243766,0.8102508,-0.041886933,-1.6204941
0.12593862,-1.3015084,-0.32549486,0.5666641,-0.60497695,0.68513787,0.10160957,-1.6452127
0.16900937,-1.2831581,-0.4829789,0.5567509,-0.33079198,0.5094952,0.29656482,-1.6890638
0.19238995,-1.2370125,-0.65036947,0.45904312,0.16268085,0.14018203,0.7131619,-1.844226
0.1844736,-1.1480643,-0.8326831,0.27804434,0.8132271,-0.3629904,1.2537674,-2.0089061
0.15132774,-1.0376849,-0.98735327,0.17110644,0.9236053,-0.5600141,1.2241532,-1.349531
0.10462704,-0.9253272,-1.0949379,0.13979663,1.0517242,-0.7374396,1.2807742,-0.9613372
0.04621099,-0.8066632,-1.1713423,0.17380904,1.1753677,-0.8835833,1.3576205,-0.6709616
-0.021418018,-0.6813679,-1.2223269,0.2648927,1.2750438,-0.99316293,1.4250507,-0.41672793
-0.095841594,-0.5507612,-1.2508442,0.3968743,1.3485522,-1.0742161,1.4756976,-0.19571729
-0.17539841,-0.41635627,-1.2603806,0.55327964,1.3995585,-1.1368425,1.5093391,-0.013287112
-0.25896773,-0.27973714,-1.254326,0.72255576,1.4272735,-1.1860522,1.5246348,0.13714623
-0.34565932,-0.14262456,-1.2351909,0.8959088,1.4289666,-1.2236556,1.5201381,0.2662659
-0.43467024,-0.0068197385,-1.2045499,1.066094,1.4029362,-1.2505802,1.4956989,0.38265038
-0.5252736,0.12594728,-1.1633431,1.2272742,1.3498416,-1.2681057,1.453043,0.4912556
-0.616852,0.25416917,-1.1121775,1.3750637,1.2722626,-1.277932,1.395243,0.59442824
-0.7089128,0.37663877,-1.0515071,1.5062811,1.1735973,-1.2817545,1.3257405,0.6932793
-0.8010743,0.49244547,-0.9817028,1.6185037,1.0572381,-1.28091,1.2475959,0.7885561
-0.8930337,0.60092294,-0.90306693,1.7096431,0.9262503,-1.2762425,1.163154,0.8809903
-0.984531,0.70158166,-0.8158321,1.7776483,0.7833886,-1.268111,1.0740135,0.97131974
-1.0753169,0.7940475,-0.7201669,1.8203562,0.63128084,-1.2564669,0.98118097,1.0601147
-1.1651357,0.8780539,-0.61624265,1.8359622,0.4735386,-1.2413323,0.8865326,1.1462148
-1.2537462,0.9536028,-0.504505,1.8235708,0.31522954,-1.2229373,0.7938123,1.2252258
-1.3409146,1.0210315,-0.3858667,1.7834485,0.16119961,-1.2013507,0.70661324,1.2919205
-1.4264243,1.0809844,-0.26171583,1.718155,0.015770478,-1.1770273,0.6281079,1.3416783
-1.5101109,1.1343507,-0.13378702,1.632616,-0.11788231,-1.1509603,0.5604393,1.3719858
-1.5918926,1.1821399,-0.0039147604,1.5328093,-0.23822664,-1.1243619,0.5040617,1.3832663
-1.6717678,1.2253212,0.12622952,1.4239128,-0.34522256,-1.0981675,0.45767727,1.3783689
-1.7497827,1.2646915,0.2553009,1.3091822,-0.43960235,-1.0727462,0.41892767,1.3611149
-1.8259901,1.3008256,0.38230506,1.1900727,-0.5221187,-1.0479639,0.3853728,1.3349637
-1.8817469,1.3036718,0.52844685,0.34446964,-0.5356027,-0.5303211,-0.27702832,1.7196625
-1.9013997,1.2520434,0.70225,-0.4861089,-0.4482365,-0.027962752,-0.8499481,1.9426577
-1.8856442,1.1526254,0.8907918,-1.2944154,-0.31896183,0.45571008,-1.3511798,2.0491223
-1.836505,1.0106212,1.086276,-2.0631998,-0.22621329,0.88968724,-1.7936096,2.0942206
-1.7590337,0.8319391,1.2837137,-2.755355,-0.21841164,1.2393818,-2.16586,2.0914524
-1.670219,0.6449977,1.4484042,-2.6474538,-0.2978588,1.225995,-2.013112,1.4628375
-1.5863342,0.47653583,1.5531732,-1.6347849,-0.3935195,0.83340454,-1.3267683,0.2590735
-1.530427,0.3711449,1.5431858,-1.4594584,-0.48116994,0.8443991,-1.2194577,-0.20168109
-1.4628388,0.2536663,1.5221766,-1.7019086,-0.5945696,1.015298,-1.3801119,-0.24616025
-1.3849881,0.12472307,1.4964964,-1.8481822,-0.72601295,1.1308757,-1.4751885,-0.30185214
-1.3004482,-0.01013086,1.4649421,-1.9064109,-0.86332744,1.2031333,-1.5134357,-0.37069237
-1.2118639,-0.14635241,1.4264029,-1.8934724,-0.9976176,1.2452068,-1.5078931,-0.44947895
-1.1209892,-0.2806073,1.3801514,-1.8276019,-1.1239214,1.2682976,-1.4717456,-0.5338328
-1.0288879,-0.41063878,1.3258297,-1.7233967,-1.2398273,1.2802701,-1.4154733,-0.6204815
-0.936175,-0.5349792,1.2633134,-1.5906832,-1.3439387,1.285834,-1.3461719,-0.707725
-0.84321344,-0.65266854,1.1925765,-1.4356002,-1.434968,1.2874414,-1.2681714,-0.79508615
-0.7502439,-0.7630447,1.1135985,-1.2620759,-1.511377,1.2861521,-1.1839049,-0.8828685
-0.6574627,-0.8656055,1.0263065,-1.0729494,-1.571278,1.2822068,-1.0945755,-0.97182447
-0.56506824,-0.9599185,0.93054664,-0.8706955,-1.6124216,1.2753454,-1.0006037,-1.0628822
-0.47328454,-1.045598,0.826115,-0.6589971,-1.6324013,1.2652271,-0.903077,-1.1556334
-0.38235825,-1.1224525,0.713009,-0.44380626,-1.6287698,1.2514349,-0.80496013,-1.246325
-0.2925806,-1.1905729,0.5916746,-0.23164658,-1.5995104,1.2332474,-0.7095206,-1.3293622
-0.20535816,-1.2486367,0.46227875,-0.014701191,-1.5161843,1.1826556,-0.58435374,-1.4160321
-0.1225972,-1.2947091,0.32482085,0.18413894,-1.3891205,1.1104089,-0.44483688,-1.4987181
-0.04554129,-1.3281345,0.1801643,0.34984374,-1.2297194,1.0247611,-0.30436411,-1.5672938
0.025030669,-1.3492128,0.029992204,0.47522202,-1.0489464,0.93079567,-0.17089567,-1.6151164
0.08852938,-1.3585489,-0.123783946,0.55900294,-0.8535888,0.8288264,-0.04349009,-1.64384
0.14409149,-1.356106,-0.27987844,0.60126907,-0.6403349,0.7110273,0.09059343,-1.6640829
0.18972088,-1.339855,-0.4385016,0.59664613,-0.38649938,0.5540341,0.2620027,-1.695637
0.21921,-1.3012967,-0.60387576,0.5159315,0.011636854,0.26466548,0.5816605,-1.7996131
0.22064057,-1.2243862,-0.7829366,0.32724753,0.639814,-0.22886449,1.1165701,-1.9815854
0.19646284,-1.1260848,-0.934568,0.18593046,0.761476,-0.4447898,1.0930786,-1.3140883
0.15747839,-1.0252438,-1.0387298,0.119979225,0.8964472,-0.63785887,1.1556315,-0.92492336
0.105792195,-0.91761404,-1.1118584,0.12177086,1.0273832,-0.79581136,1.2373749,-0.6388925
0.044158816,-0.8029278,-1.1602905,0.18487154,1.1375188,-0.91407204,1.3094852,-0.39530063
-0.024807086,-0.6824793,-1.1874033,0.29403165,1.225021,-1.0016646,1.3658459,-0.18753156
-0.099362575,-0.5575804,-1.1968167,0.4327797,1.2948595,-1.0707599,1.4086338,-0.018813156
-0.17844482,-0.42943054,-1.1918991,0.58985263,1.3470467,-1.12793,1.4379121,0.11874939
-0.2612875,-0.29932326,-1.1750336,0.7568976,1.3778937,-1.1751968,1.4517269,0.23683581
-0.34717885,-0.16875862,-1.1475813,0.92654246,1.3830286,-1.21246,1.4477652,0.34484258
-0.43538758,-0.039393328,-1.1102113,1.0919052,1.3599765,-1.2395306,1.4250793,0.44805798
-0.52519596,0.087122075,-1.0632613,1.2469921,1.3090818,-1.2570262,1.3847567,0.54845524
-0.615959,0.2093115,-1.0069795,1.3870956,1.2329117,-1.2662779,1.3294435,0.6462305
-0.7071386,0.3259716,-0.9416281,1.5087851,1.1351203,-1.2688384,1.2624002,0.74103326
-0.7983035,0.4361895,-0.8675015,1.6095934,1.0195639,-1.2660658,1.1867229,0.83259654
-0.88910645,0.5393071,-0.7849078,1.6876302,0.8898843,-1.2589154,1.1049436,0.9208879
-0.9792528,0.6348648,-0.69415146,1.7412819,0.7494434,-1.2478966,1.0189465,1.005984
-1.0684713,0.72255087,-0.5955381,1.7691739,0.6016114,-1.2332143,0.9303121,1.0875938
-1.156517,0.80226094,-0.489507,1.7711053,0.45114702,-1.2154709,0.84234565,1.1628162
-1.2431895,0.87423015,-0.3768689,1.7479224,0.30292964,-1.1951663,0.758816,1.2271919
-1.3283187,0.9389993,-0.2588407,1.7018002,0.1610479,-1.1727365,0.6827359,1.2767415
-1.4117744,0.9973377,-0.13694687,1.6365155,0.028583303,-1.1488609,0.6160954,1.3090886
-1.4934819,1.0501312,-0.012828548,1.5566941,-0.092698626,-1.1243541,0.55944794,1.3241771
-1.5734208,1.0982473,0.111971356,1.4665359,-0.20228748,-1.0998605,0.51186603,1.3240266
-1.6516039,1.1424206,0.23615848,1.3689197,-0.30043814,-1.0756434,0.47145742,1.3116934
-1.7280498,1.1832021,0.35873052,1.2653714,-0.3875823,-1.0516105,0.43614966,1.2901764
-1.7938174,1.2060703,0.48972273,0.80082524,-0.46388504,-0.794272,0.09690598,1.4682214
-1.8296927,1.1814705,0.6471048,-0.14646332,-0.45487007,-0.22553912,-0.6061519,1.8294542
-1.8270192,1.100786,0.8285401,-1.023448,-0.37096393,0.29177508,-1.1758804,2.0044632
-1.7881018,0.9718023,1.0218107,-1.8658376,-0.292565,0.7711602,-1.6781191,2.0882096
-1.717519,0.8012431,1.2197677,-2.6205535,-0.2860797,1.1654109,-2.0982568,2.1059961
-1.6331813,0.62002796,1.385017,-2.5342226,-0.35439152,1.1745942,-1.9541072,1.4634407
-1.5474762,0.44697845,1.5020981,-2.4878974,-0.4436936,1.1979004,-1.8996786,1.0434409
-1.4747748,0.30649364,1.5460123,-1.504199,-0.5185626,0.8423039,-1.2532742,-0.08116246
-1.4076306,0.18691276,1.5326211,-1.7216243,-0.64166486,1.0139723,-1.4068115,-0.18443072
-1.3296554,0.05548598,1.5113981,-1.8563031,-0.7784716,1.1345379,-1.5021616,-0.26733792
-1.2448295,-0.08154412,1.482164,-1.8954979,-0.916626,1.2068992,-1.5341997,-0.35457927
-1.1560259,-0.21927741,1.4445617,-1.8627186,-1.0487651,1.247461,-1.520746,-0.44468266
-1.0650386,-0.3543661,1.3984333,-1.7796535,-1.1715156,1.2692858,-1.4777076,-0.5353507
-0.97288764,-0.4846923,1.3437995,-1.6616173,-1.2835158,1.2807957,-1.4163682,-0.62521124
-0.8801309,-0.6089487,1.2807567,-1.5179145,-1.3838388,1.2866312,-1.3436466,-0.71398854
-0.7870863,-0.7263028,1.2093892,-1.3539176,-1.4712952,1.289014,-1.2634001,-0.80215544
-0.6939661,-0.8361765,1.1297139,-1.1729188,-1.5442619,1.2887948,-1.1775887,-0.8906285
-0.60095114,-0.93811226,1.0416483,-0.9773135,-1.6006908,1.2860662,-1.0870215,-0.98057956
-0.50823295,-1.0316907,0.94499373,-0.7693138,-1.6381416,1.2804757,-0.99182296,-1.073239
-0.4160335,-1.1165279,0.8394926,-0.5527546,-1.6539578,1.2716104,-0.8931391,-1.1680541
-0.32460946,-1.1924341,0.72510695,-0.33366293,-1.6452471,1.2588004,-0.7938,-1.2611257
-0.23481958,-1.2586422,0.6019,-0.11096194,-1.5957326,1.2272784,-0.67933744,-1.35427
-0.14839031,-1.3133234,0.46971396,0.10609972,-1.4942673,1.1670762,-0.5400172,-1.4501482
-0.06696284,-1.35504,0.32877126,0.29676384,-1.3523549,1.0889769,-0.3926377,-1.5382257
0.008431432,-1.38365,0.18035005,0.44893125,-1.1812385,0.99989873,-0.24959694,-1.607391
0.0771546,-1.3998647,0.02655521,0.5579366,-0.9921406,0.9041567,-0.11746862,-1.6518577
0.13869426,-1.4045295,-0.13044871,0.62432766,-0.791257,0.8009342,0.0071183597,-1.6757798
0.19215567,-1.3975964,-0.28937706,0.64833784,-0.5733778,0.6804872,0.13999091,-1.6924464
0.23525581,-1.3766031,-0.45074508,0.6217483,-0.31040838,0.51430035,0.31797993,-1.7252313
0.26006472,-1.3305143,-0.62032926,0.49768627,0.13862881,0.1741567,0.6921009,-1.8563915
0.25546873,-1.2450811,-0.8030808,0.27612084,0.7419126,-0.30596995,1.1977742,-2.0067554
0.22607692,-1.1399279,-0.9569415,0.13337338,0.8498798,-0.5121326,1.1642771,-1.3362243
0.18267411,-1.0331538,-1.0630575,0.0711689,0.9727078,-0.69284624,1.2162702,-0.9443457
0.12747744,-0.9205244,-1.1378983,0.078022964,1.0930506,-0.8384504,1.2880653,-0.6559566
0.06315972,-0.80166405,-1.1878477,0.14562577,1.1941007,-0.9463279,1.351908,-0.41050348
-0.007829195,-0.6776998,-1.2163092,0.2580491,1.2740328,-1.0259132,1.4018368,-0.20097378
-0.0839041,-0.54979867,-1.2269069,0.39883074,1.3376452,-1.0889612,1.4395689,-0.030549748
-0.16412614,-0.41905448,-1.2230223,0.5570739,1.3849133,-1.1415714,1.4647845,0.10849093
-0.24782236,-0.28668362,-1.2070673,0.72493386,1.4120995,-1.1854075,1.4752783,0.22769272
-0.33435392,-0.15412597,-1.1804391,0.89553136,1.4147593,-1.2201558,1.4686099,0.3364181
-0.42305058,-0.022986248,-1.1438417,1.0623906,1.3902892,-1.2454971,1.4437622,0.44002184
-0.51324743,0.10513102,-1.0976385,1.2198006,1.3388289,-1.2619445,1.4017515,0.5406124
-0.60434467,0.22878812,-1.0420878,1.3632005,1.2626742,-1.2707179,1.3451242,0.63855034
-0.6958409,0.34680977,-0.97744745,1.4891784,1.1651716,-1.2732501,1.2770131,0.7336477
-0.787333,0.45829898,-0.903992,1.5951761,1.0498688,-1.2707809,1.2003747,0.825784
-0.8784937,0.562601,-0.82199717,1.679126,0.9201225,-1.2641575,1.1176015,0.9150604
-0.96904105,0.6592471,-0.7317224,1.7391648,0.7790446,-1.2537953,1.0304426,1.0016848
-1.0587095,0.74790317,-0.6334144,1.7735593,0.62974995,-1.2397873,0.9402812,1.0855651
-1.1472495,0.82841796,-0.52742755,1.7815397,0.47678408,-1.2225833,0.8501595,1.1640707
-1.2344474,0.9009713,-0.41448164,1.76335,0.32513368,-1.2025893,0.7639034,1.23259
-1.3201133,0.96606094,-0.29573184,1.7206347,0.17915653,-1.1801525,0.68473953,1.2866873
-1.4040933,1.0244397,-0.17269433,1.6569563,0.042336363,-1.1559421,0.615029,1.3233391
-1.4862919,1.0770141,-0.047062222,1.5771819,-0.08315724,-1.1308764,0.55574334,1.3419087
-1.5666786,1.1247045,0.07952846,1.48608,-0.19656463,-1.1057776,0.50624096,1.344148
-1.6452696,1.1683142,0.20568238,1.3871164,-0.2981019,-1.0810717,0.46467292,1.3332012
-1.7220949,1.2084564,0.33031532,1.2821734,-0.38830048,-1.0567485,0.42880335,1.3123482
-1.7923977,1.2375797,0.45844778,0.984569,-0.46878663,-0.90846187,0.23266222,1.3957009
-1.8359617,1.2238407,0.6109695,0.0307577,-0.47725925,-0.3290361,-0.49460182,1.7937976
-1.8409567,1.1531851,0.78978366,-0.8297835,-0.3990997,0.18205364,-1.062688,1.9821028
-1.8098615,1.0343622,0.981343,-1.666812,-0.3092201,0.66625375,-1.5669918,2.0743375
-1.7463208,0.87340486,1.1784832,-2.432139,-0.28123963,1.0759467,-1.9969758,2.1031778
-1.6674045,0.7003576,1.3435694,-2.3887932,-0.3334648,1.1123663,-1.8736527,1.4643316
-1.585368,0.53363514,1.4611602,-2.3839579,-0.41478577,1.1576517,-1.8393636,1.053954
-1.5019923,0.37183595,1.5402414,-1.872517,-0.5020017,0.9846163,-1.5010561,0.31748495
-1.4348575,0.24943969,1.5386667,-1.6902037,-0.604957,0.9833515,-1.3909534,-0.12833396
-1.3587673,0.11885389,1.5223261,-1.8428268,-0.73823667,1.1128771,-1.4995558,-0.21882007
-1.2752043,-0.018534156,1.4974701,-1.900905,-0.875971,1.1931854,-1.5444372,-0.3096767
-1.1871705,-0.15766877,1.463996,-1.8840735,-1.0096118,1.2394105,-1.5411291,-0.40174884
-1.0966265,-0.29493186,1.4218429,-1.8132517,-1.1348248,1.2647241,-1.5051922,-0.49378
-1.0047247,-0.42795923,1.3710734,-1.7046169,-1.249848,1.2782631,-1.4486094,-0.58464485
-0.9121021,-0.55527204,1.3118176,-1.5685382,-1.3537368,1.2853627,-1.3791577,-0.6740475
-0.81911314,-0.6759355,1.2441988,-1.4111019,-1.4454308,1.2887168,-1.3013538,-0.7623926
-0.72598034,-0.78931844,1.1682792,-1.2359494,-1.5234643,1.2894564,-1.2176008,-0.8505304
-0.63287884,-0.8949428,1.0840268,-1.0455807,-1.5859447,1.2878438,-1.1290036,-0.9395851
-0.53998435,-0.9923907,0.99129623,-0.84212685,-1.6305828,1.2836392,-1.0358534,-1.0308272
-0.44750097,-1.0812554,0.8898331,-0.6282881,-1.6547819,1.2763675,-0.9384114,-1.1249782
-0.35566533,-1.1612415,0.7794554,-0.40938562,-1.6557788,1.2655432,-0.8389839,-1.2194926
-0.26485613,-1.2321606,0.66029435,-0.19046296,-1.6284612,1.2479223,-0.73760587,-1.3105516
-0.17664622,-1.2923148,0.5321751,0.033320606,-1.5437222,1.1956128,-0.6027396,-1.4083235
-0.09297142,-1.339661,0.39490318,0.23663014,-1.4149802,1.1227432,-0.45458502,-1.5029697
-0.01502468,-1.3736472,0.24932642,0.40459892,-1.2527931,1.036869,-0.30685943,-1.5827918
0.05645003,-1.3947622,0.097312465,0.5298698,-1.0687021,0.9433734,-0.1690439,-1.6386875
0.12095862,-1.4039698,-0.0588231,0.6115957,-0.8717957,0.8438999,-0.042267766,-1.6703902
0.17786989,-1.4017932,-0.2172667,0.6511764,-0.66250515,0.7329758,0.083919525,-1.6878403
0.22569022,-1.3870904,-0.37760642,0.64524496,-0.42497236,0.5923055,0.23523298,-1.7094337
0.26001945,-1.3541198,-0.5424351,0.5710489,-0.09302223,0.35990053,0.48652372,-1.7777421
0.2686134,-1.2858909,-0.72024494,0.36278206,0.51328254,-0.124577306,1.0164449,-1.973671
0.24286805,-1.1729405,-0.9108548,0.13474432,1.1058497,-0.58900577,1.4852661,-2.063218
0.19490887,-1.0431005,-1.0707695,0.052350115,1.1751509,-0.74561805,1.4253169,-1.4045128
0.13625558,-0.9139958,-1.1832942,0.047517583,1.2687154,-0.88391566,1.45217,-1.0108116
0.068563335,-0.7811368,-1.2639933,0.10386025,1.3610381,-0.99557775,1.5024498,-0.71229905
-0.006101454,-0.6438264,-1.3184083,0.21143767,1.4323974,-1.0776672,1.5481815,-0.44826165
-0.08583345,-0.5029482,-1.3494581,0.3537636,1.4810425,-1.13799,1.5814025,-0.21818767
-0.16939056,-0.35972726,-1.3607491,0.5154732,1.5099558,-1.184728,1.599831,-0.028438158
-0.2559391,-0.21560884,-1.3558645,0.6865078,1.5179652,-1.2212926,1.6009835,0.12705351
-0.34479102,-0.07222414,-1.3375336,0.85965055,1.502605,-1.2487667,1.5834378,0.25889623
-0.4353202,0.068753846,-1.3075424,1.0292534,1.4628472,-1.2680203,1.547753,0.37590578
-0.5269803,0.20578872,-1.2670056,1.1909608,1.399761,-1.2804068,1.4962877,0.483564
-0.6193328,0.33760208,-1.2166456,1.3415118,1.315687,-1.2874886,1.4322356,0.5849258
-0.71204567,0.4632031,-1.1569636,1.4783454,1.213232,-1.2905912,1.3586689,0.6818188
-0.80486625,0.5818509,-1.0883145,1.5991778,1.0947485,-1.2905833,1.2780219,0.7756009
-0.8975875,0.692989,-1.0109329,1.7016959,0.96225584,-1.2878633,1.1919613,0.86750114
-0.9900159,0.7961785,-0.9249399,1.7833737,0.8175697,-1.282428,1.1014528,0.9587069
-1.0819457,0.89104146,-0.8303486,1.8413786,0.66249174,-1.2739465,1.0069131,1.0502883
-1.173142,0.9772422,-0.72710973,1.8727652,0.49968004,-1.2620543,0.9092925,1.1420408
-1.2633536,1.0546362,-0.61536354,1.8748627,0.33374962,-1.2465532,0.81173307,1.2301574
-1.3523047,1.1233848,-0.49570656,1.8457496,0.16969742,-1.2270185,0.7177205,1.3090588
-1.4397004,1.1839708,-0.36929286,1.7859784,0.012610513,-1.2034571,0.63089716,1.3727156
-1.5252761,1.2371947,-0.2377983,1.6996046,-0.1330648,-1.1767335,0.5545442,1.4164046
-1.608858,1.2840985,-0.10320982,1.5934793,-0.26451358,-1.1484201,0.49057016,1.4384626
-1.6903927,1.3258039,0.03249876,1.4749829,-0.3809729,-1.1201686,0.43878022,1.4407566
-1.7699285,1.3633243,0.1676519,1.3496925,-0.48319593,-1.0930545,0.39709207,1.4274427
-1.847561,1.3974388,0.3009959,1.2204901,-0.5724042,-1.0673417,0.36258146,1.4030213
-1.9094701,1.4060286,0.448251,0.5717453,-0.599298,-0.67597586,-0.13659154,1.6859958
-1.9399464,1.3671708,0.62002957,-0.22166233,-0.51769066,-0.18588126,-0.7014913,1.9279994
-1.9363403,1.2822583,0.80719334,-0.9799383,-0.37815887,0.27977538,-1.1787082,2.0337884
-1.8998156,1.1562984,1.0012746,-1.7218673,-0.24917042,0.7191393,-1.6121261,2.081029
-1.8339736,0.9938568,1.1979316,-2.4110208,-0.19374175,1.088374,-1.9879049,2.0898912
-1.74449,0.8003182,1.393768,-3.026419,-0.22764386,1.3755722,-2.3037133,2.063106
-1.6507055,0.6080971,1.5483627,-1.903319,-0.33957765,0.9149453,-1.504285,0.6368914
-1.5989342,0.5058023,1.5467669,-1.2965149,-0.41415733,0.74403536,-1.1164494,-0.20361292
-1.5380642,0.39690936,1.526289,-1.5667697,-0.5046993,0.93025345,-1.2944622,-0.23209089
-1.4656475,0.27446997,1.5028174,-1.7593927,-0.6219939,1.0655429,-1.4175699,-0.26893312
-1.3850828,0.14335595,1.4751971,-1.8716531,-0.7542798,1.1578622,-1.4880126,-0.32067233
-1.2991292,0.008045999,1.4419925,-1.9096943,-0.89058864,1.2167295,-1.5122267,-0.3870817
-1.2098466,-0.12771305,1.4019943,-1.8860279,-1.0230993,1.2517767,-1.4997071,-0.46418235
-1.118641,-0.26107335,1.354415,-1.8147074,-1.1472578,1.2712977,-1.4604902,-0.54741853
-1.0264003,-0.39002764,1.2988479,-1.7075342,-1.2606401,1.281303,-1.4029722,-0.63341725
-0.9336634,-0.5132166,1.2351309,-1.5729023,-1.3617285,1.2855226,-1.3331431,-0.72033155
-0.84076685,-0.62971956,1.1632156,-1.4163964,-1.4491539,1.28596,-1.2548507,-0.8075229
-0.74794626,-0.738887,1.0830736,-1.2418396,-1.5213633,1.2834904,-1.1703659,-0.89514494
-0.6554017,-0.84022176,0.994638,-1.0521629,-1.5765061,1.2782836,-1.0808741,-0.98380417
-0.5633387,-0.93329847,0.8977755,-0.85003823,-1.6124136,1.2700573,-0.98686427,-1.0742387
-0.4719862,-1.0177581,0.7923357,-0.63963026,-1.6269013,1.2585485,-0.8898099,-1.1655049
-0.38159052,-1.0934663,0.6784181,-0.42709106,-1.6178865,1.2434053,-0.7928776,-1.2534682
-0.2924353,-1.1605831,0.55659294,-0.21893819,-1.5839292,1.2240527,-0.69943583,-1.3324255
-0.205958,-1.2177603,0.42706466,-0.0062229447,-1.4954646,1.171332,-0.5749827,-1.4155035
-0.12406772,-1.2630455,0.2898358,0.18730584,-1.3648717,1.0977215,-0.43692315,-1.4941409
-0.047959942,-1.2958299,0.1457948,0.3473648,-1.2036885,1.0112959,-0.2981704,-1.5586885
0.021607775,-1.3163863,-0.0034300238,0.4674538,-1.022251,0.91655135,-0.16558833,-1.6036029
0.084003486,-1.3251694,-0.15609461,0.546482,-0.825669,0.81262606,-0.036637362,-1.6316886
0.13820614,-1.32182,-0.3111805,0.5839001,-0.60782754,0.68972254,0.10357789,-1.6544969
0.18180704,-1.303633,-0.46933204,0.5725836,-0.3395952,0.51941144,0.29133165,-1.694341
0.20669831,-1.259215,-0.6364804,0.47450405,0.12649181,0.17202675,0.680712,-1.8350738
0.20123701,-1.173371,-0.8180962,0.28532207,0.7677355,-0.32718593,1.2172368,-2.0027084
0.1704732,-1.0662272,-0.97202265,0.16696754,0.88056743,-0.52954227,1.1888489,-1.3405256
0.1258128,-0.95698917,-1.0787272,0.12465933,1.0101353,-0.7110535,1.2466716,-0.9519338
0.06918711,-0.8413463,-1.1542939,0.1486869,1.1358563,-0.86012876,1.324572,-0.66294616
0.0031664034,-0.71897113,-1.2046766,0.2312741,1.2389867,-0.97187173,1.3932298,-0.41217497
-0.06978508,-0.5911551,-1.2329599,0.35653764,1.3172872,-1.0546314,1.4456409,-0.19534793
-0.14799488,-0.45933104,-1.2426606,0.50799626,1.3747367,-1.1191173,1.4822763,-0.017104484
-0.23036957,-0.3249546,-1.2371471,0.67419875,1.4106439,-1.1707258,1.5020931,0.12956792
-0.31605843,-0.18961962,-1.2188752,0.8464453,1.4217893,-1.2112095,1.5033089,0.25564957
-0.40428013,-0.05505359,-1.1893413,1.0173467,1.4055216,-1.2410994,1.4849862,0.36991465
-0.49429727,0.077011675,-1.1493963,1.1806403,1.3615532,-1.2612278,1.4480342,0.47733092
-0.5854552,0.20500602,-1.0995679,1.331406,1.2918986,-1.2730291,1.3950199,0.58004963
-0.67721355,0.3276315,-1.0402551,1.4660181,1.199827,-1.2781584,1.3292608,0.678864
-0.7691457,0.44388875,-0.9718053,1.5817969,1.0888826,-1.2780627,1.2539605,0.7741909
-0.86091465,0.55304193,-0.8945263,1.6765848,0.9623878,-1.2737554,1.1717284,0.8664844
-0.9522388,0.6545576,-0.8086788,1.7484058,0.8233485,-1.2657712,1.0844508,0.9562782
-1.0428592,0.7480421,-0.71447533,1.795265,0.67457634,-1.2542124,0.9933807,1.0440248
-1.1325172,0.8332148,-0.612122,1.8154541,0.5195103,-1.2391232,0.90019023,1.1289618
-1.2209729,0.91004515,-0.50205445,1.8083119,0.36318475,-1.220885,0.8085875,1.207067
-1.3080053,0.9788421,-0.38515055,1.7741995,0.21042663,-1.1996648,0.7221965,1.2733389
-1.3934124,1.04022,-0.2627441,1.7154787,0.065494895,-1.1758873,0.6441363,1.3233211
-1.477039,1.0950338,-0.13650757,1.6366763,-0.06842321,-1.1504377,0.57651824,1.354494
-1.5588042,1.1442587,-0.008222758,1.5433594,-0.1896751,-1.124408,0.519848,1.3670937
-1.6386995,1.1888385,0.12046915,1.4404478,-0.29804358,-1.0986543,0.47295284,1.3637027
-1.7167608,1.2295568,0.2482299,1.331131,-0.394107,-1.073524,0.4336112,1.3479252
-1.7930307,1.2669858,0.37405628,1.2169182,-0.47852978,-1.0489025,0.39947727,1.3231094
-1.8512641,1.2748182,0.5164755,0.4625568,-0.5187143,-0.5961965,-0.18474989,1.6588144
-1.8750124,1.2298633,0.686395,-0.39789873,-0.45518845,-0.07828948,-0.7898061,1.9167837
-1.8625556,1.1349986,0.87339824,-1.2274992,-0.34105965,0.41519475,-1.3096992,2.040615
-1.8158845,0.99597126,1.0685792,-2.0180922,-0.25560108,0.8618975,-1.7684594,2.0953033
-1.7399741,0.8189498,1.2663691,-2.7271748,-0.251966,1.2234104,-2.1533418,2.0971448
-1.6521331,0.6331229,1.4313166,-2.6215067,-0.32826206,1.2146974,-2.001109,1.4635448
-1.5663865,0.4607691,1.5425812,-1.8551612,-0.41423038,0.9261669,-1.4737788,0.46524435
-1.5077196,0.34949732,1.5418861,-1.5050222,-0.50247365,0.86161184,-1.2532303,-0.1513115
-1.4389992,0.22918533,1.5246717,-1.734207,-0.62101847,1.0293127,-1.4088595,-0.21501343
-1.3602793,0.09796224,1.5012312,-1.8649002,-0.75485075,1.1409324,-1.4969345,-0.28457525
-1.2751536,-0.038519844,1.4708377,-1.9079915,-0.8922455,1.2094432,-1.5279853,-0.36261445
-1.1862229,-0.17576693,1.4327726,-1.8822764,-1.0251632,1.2486968,-1.5163946,-0.4469803
-1.0951651,-0.31057513,1.3865952,-1.8064902,-1.1494396,1.2700567,-1.4758104,-0.53442955
-1.0029718,-0.4408284,1.3321341,-1.6948141,-1.2631527,1.2811878,-1.4165504,-0.62266356
-0.9102043,-0.56517285,1.2693715,-1.5564096,-1.3651103,1.2865105,-1.345327,-0.7106813
-0.8171913,-0.68272686,1.1983353,-1.3968475,-1.4540596,1.2882373,-1.2660987,-0.7984568
-0.7241538,-0.7928774,1.1190242,-1.2196637,-1.5284188,1.2872642,-1.1810081,-0.8865758
-0.63127804,-0.89514816,1.0313637,-1.0274522,-1.5862273,1.283729,-1.0910435,-0.975977
-0.53875804,-0.98911643,0.9351827,-0.82255286,-1.6251532,1.2773101,-0.996474,-1.0677178
-0.44681653,-1.0743998,0.8302567,-0.6087157,-1.6426983,1.267632,-0.89841,-1.1613165
-0.35570407,-1.1508107,0.7165722,-0.39192975,-1.6362526,1.2541709,-0.79976624,-1.2529358
-0.2659141,-1.2181375,0.5944418,-0.17579108,-1.5987557,1.2312274,-0.69749886,-1.3396171
-0.1790375,-1.2747695,0.4638673,0.041763358,-1.5060065,1.1753743,-0.5649425,-1.43068
-0.09691737,-1.3188999,0.32489863,0.2369384,-1.3713691,1.099953,-0.4212617,-1.515961
-0.020679973,-1.350132,0.1785934,0.396245,-1.2060785,1.012446,-0.27924934,-1.5848923
0.04897205,-1.368969,0.026831895,0.513758,-1.0211649,0.91750515,-0.14616694,-1.631219
0.11148968,-1.3761322,-0.12835693,0.5891266,-0.82303125,0.81482255,-0.019840704,-1.6577921
0.16599172,-1.3715734,-0.28569326,0.6225474,-0.60731363,0.6955596,0.11405248,-1.676543
0.21033584,-1.3530402,-0.4455422,0.6073681,-0.3485626,0.5338133,0.289222,-1.709021
0.23746382,-1.310769,-0.6129019,0.5064897,0.07562357,0.21926652,0.63640624,-1.8268803
0.23582818,-1.2295504,-0.79376173,0.3016711,0.69374907,-0.26884896,1.1587447,-1.9942435
0.20894648,-1.1276653,-0.9465396,0.16073051,0.80879074,-0.47976866,1.1306185,-1.3256993
0.16765276,-1.0236622,-1.0517402,0.097521946,0.9381454,-0.6668586,1.1883665,-0.9353658
0.114091486,-0.9132934,-1.1257937,0.10266472,1.0642369,-0.81895715,1.2656136,-0.64810103
0.050973013,-0.79624224,-1.1750327,0.16881496,1.1701212,-0.9323327,1.333956,-0.40321463
-0.019167181,-0.6737326,-1.2028257,0.2803668,1.2539109,-1.0161586,1.3872899,-0.1940477
-0.094658226,-0.5470227,-1.2127851,0.42081484,1.3204248,-1.082345,1.4274925,-0.023901993
-0.17448843,-0.41728446,-1.208283,0.57903105,1.3695848,-1.1371762,1.4543769,0.114986844
-0.25792506,-0.2858005,-1.1917171,0.7468517,1.3976817,-1.1824894,1.4658738,0.23419066
-0.3442815,-0.15406375,-1.1644721,0.91710365,1.400408,-1.2181282,1.4596959,0.34303945
-0.43285048,-0.02371751,-1.1272433,1.083107,1.3753811,-1.2439195,1.4349957,0.44681373
-0.5229401,0.10361016,-1.0803934,1.2390519,1.3229856,-1.260503,1.3929476,0.5475437
-0.61393154,0.22647071,-1.024187,1.380364,1.2457374,-1.2691953,1.3362203,0.64553094
-0.7053105,0.3436872,-0.9588919,1.5036714,1.147161,-1.2714976,1.2680284,0.74054825
-0.7966649,0.45436686,-0.88479656,1.6064882,1.0309461,-1.2686954,1.1913804,0.8324461
-0.88766104,0.55786306,-0.802193,1.6868396,0.9005662,-1.2616673,1.1087042,0.9212936
-0.9780128,0.653718,-0.7113605,1.7429729,0.7592344,-1.2508513,1.0217804,1.0072529
-1.0674522,0.741613,-0.61257243,1.7733239,0.610203,-1.2363862,0.9320938,1.0901029
-1.1557329,0.8214293,-0.50623137,1.7774196,0.45818284,-1.2188038,0.84289455,1.1669495
-1.2426478,0.89338607,-0.39311633,1.755807,0.30809742,-1.1985372,0.75796926,1.2332169
-1.3280164,0.9580133,-0.27442935,1.7104485,0.1641656,-1.1759835,0.68043,1.284692
-1.4116971,1.0160817,-0.15170492,1.6450909,0.029651524,-1.151835,0.6124317,1.318717
-1.4936063,1.0684941,-0.02661856,1.5645381,-0.09351516,-1.1269721,0.5546948,1.3350236
-1.573721,1.1161468,0.099239565,1.4732829,-0.20474221,-1.1021284,0.50638354,1.3355751
-1.6520572,1.1598072,0.22452976,1.3744665,-0.30429435,-1.0776387,0.46558955,1.3235152
-1.7286402,1.2000532,0.3482162,1.2697538,-0.39266282,-1.05344,0.43014628,1.3019898
-1.7957036,1.224327,0.47893944,0.85251,-0.47028524,-0.82660747,0.13122676,1.4535199
-1.8338842,1.2026826,0.6353203,-0.08993716,-0.46542728,-0.25819078,-0.5733853,1.8216636
-1.8337214,1.1251414,0.8161066,-0.9568694,-0.38237134,0.25489083,-1.1385485,1.9980484
-1.797484,0.9996321,1.0088289,-1.7942787,-0.2992839,0.73456955,-1.6389118,2.0832472
-1.729397,0.83254206,1.2064672,-2.550823,-0.2850753,1.1332102,-2.0609114,2.1046033
-1.6469958,0.65429664,1.371688,-2.481639,-0.34755924,1.152584,-1.9253097,1.4646606
-1.5625728,0.48347238,1.4890789,-2.4516788,-0.43400228,1.1840659,-1.878935,1.0489657
-1.4856929,0.33447307,1.546877,-1.5395344,-0.5088872,0.8512485,-1.2787553,-0.015533704
-1.4195533,0.21579301,1.5353158,-1.6997175,-0.62677944,0.99894655,-1.394722,-0.17120892
-1.3424916,0.08514546,1.5153632,-1.8445191,-0.7622783,1.1241864,-1.4970044,-0.2534321
-1.2582616,-0.05172307,1.4874862,-1.8936522,-0.9005335,1.2005305,-1.5355809,-0.33968422
-1.1698099,-0.18982233,1.4513209,-1.868947,-1.0335587,1.2438569,-1.527227,-0.42913052
-1.079017,-0.32566425,1.4066714,-1.7918942,-1.1575062,1.2673364,-1.4877338,-0.5195428
-0.98697037,-0.4570057,1.3535283,-1.6783305,-1.2708237,1.2797586,-1.428748,-0.60937846
-0.89426833,-0.5824518,1.291975,-1.5381377,-1.3725795,1.2861052,-1.3576144,-0.69817895
-0.8012489,-0.7011168,1.222098,-1.3770804,-1.4616513,1.2888277,-1.2785187,-0.78628516
-0.7081312,-0.81239396,1.1439264,-1.1986628,-1.5364994,1.2889142,-1.1936452,-0.87452507
-0.6150953,-0.9158139,1.0573969,-1.0053707,-1.5951583,1.2865399,-1.1039546,-0.9640136
-0.5223273,-1.0109564,0.96233356,-0.79940116,-1.635267,1.2814019,-1.0096453,-1.0559887
-0.4300427,-1.0974236,0.8584772,-0.58409816,-1.6542203,1.2730674,-0.9114626,-1.1504817
-0.33848926,-1.1749817,0.7457296,-0.3652842,-1.6492181,1.2609694,-0.8121051,-1.2440735
-0.24832247,-1.2431117,0.6241924,-0.14432074,-1.6087016,1.2352002,-0.70323724,-1.3360945
-0.16119885,-1.3000488,0.493708,0.07529985,-1.514041,1.1783252,-0.56598705,-1.4325188
-0.07888089,-1.3441036,0.35432386,0.27098322,-1.3774532,1.1024158,-0.41845307,-1.5231022
-0.0024679792,-1.3749616,0.20714065,0.429451,-1.2099559,1.0146933,-0.2736427,-1.5964298
0.067360446,-1.3932457,0.05417082,0.54494315,-1.0229933,0.91997194,-0.13939935,-1.6453089
0.13010512,-1.3998566,-0.1023548,0.617514,-0.8239988,0.81848216,-0.014202322,-1.6721326
0.18498811,-1.3949867,-0.2609364,0.64797086,-0.6100912,0.7022789,0.11556682,-1.6888751
0.23007938,-1.376749,-0.42169714,0.6302972,-0.3587011,0.54756486,0.28158754,-1.7165488
0.25915357,-1.3366446,-0.58890134,0.5295539,0.033944134,0.25922564,0.5968563,-1.8176271
0.26056793,-1.2591326,-0.76916575,0.3126413,0.6404942,-0.22428149,1.1153723,-1.9897535
0.2366603,-1.1611841,-0.9211169,0.1565915,0.75720084,-0.44154516,1.0868144,-1.3139274
0.19794174,-1.061112,-1.0250663,0.07884028,0.88690007,-0.63332677,1.1447493,-0.9210176
0.14667974,-0.95467514,-1.0977443,0.07052824,1.0135958,-0.7884114,1.2217321,-0.63370633
0.08569613,-0.84159917,-1.1457341,0.12491221,1.1213038,-0.9034577,1.2894496,-0.3914076
0.017601134,-0.72311544,-1.1725951,0.22639893,1.208517,-0.98822045,1.3424386,-0.18620858
-0.055909645,-0.60041213,-1.1820264,0.35828772,1.2805622,-1.0554076,1.3835771,-0.020559317
-0.093957335,-0.087426044,0.056496907,-0.19747518,0.035970595,0.0011546768,-0.015589345,-0.0058502
