[0.3334336  0.49905652],[0.32286683 0.50044245],[0.32310483 0.49353525],[0.32590118 0.50381166],[0.32826072 0.49040127],[0.36733773 0.50288814],[0.3784305  0.46371427],[0.42485058 0.55875444],[0.42407963 0.5608925 ],[0.43841895 0.48839498],[0.40655556 0.5316215 ],[0.5007399  0.50368744],[0.49738297 0.48751062],[0.59867644 0.5179758 ],[0.59707135 0.4828868 ],[0.67645246 0.5135801 ],[0.66675085 0.4826001 ]
[0.33796278 0.49785185],[0.3286048  0.50319827],[0.3292219  0.48989558],[0.32803994 0.51428235],[0.330621   0.47884035],[0.37137994 0.53524035],[0.38458827 0.45021644],[0.43606672 0.5537539 ],[0.43707895 0.4465643 ],[0.43961003 0.5268651 ],[0.45736328 0.47148278],[0.50204617 0.5207392 ],[0.4988817  0.47590044],[0.6015866 0.5210611],[0.60258466 0.4787166 ],[0.68044585 0.51834285],[0.67740124 0.48014754]
[0.33832085 0.4959124 ],[0.32923368 0.50386226],[0.33028805 0.48646072],[0.32956883 0.5141101 ],[0.33238566 0.47395173],[0.36982903 0.5338977 ],[0.3797929  0.45127624],[0.43585876 0.54629564],[0.43792146 0.4481932 ],[0.47156197 0.5336679 ],[0.4792478 0.4687783],[0.5003803 0.5206143],[0.50017637 0.47469938],[0.5993458 0.5236503],[0.6034911  0.47576377],[0.6800527 0.5224206],[0.67876434 0.47594908]
[0.33622903 0.49541086],[0.32671544 0.502459  ],[0.32751292 0.48579368],[0.32786268 0.51217407],[0.33017826 0.4731334 ],[0.37369624 0.5324259 ],[0.3786394  0.44987655],[0.4361439 0.5466748],[0.43802744 0.45124686],[0.48408306 0.5344874 ],[0.48409778 0.4822557 ],[0.49825758 0.5169276 ],[0.49539748 0.47537798],[0.5927031  0.52397746],[0.5917665  0.47722188],[0.6743216 0.5226151],[0.6785386 0.4775973]
[0.3354094  0.49493748],[0.325161   0.50059503],[0.327057  0.4850367],[0.32754716 0.51309127],[0.33001834 0.47165877],[0.37432984 0.5320657 ],[0.37690517 0.4451449 ],[0.4324226 0.5437921],[0.4395467  0.44619772],[0.47973946 0.5412692 ],[0.46585914 0.4849468 ],[0.49842596 0.5167795 ],[0.49445343 0.47374424],[0.5934543  0.52417225],[0.5953299  0.47489753],[0.66725916 0.521084  ],[0.6760378  0.47903374]
[0.33488303 0.49438503],[0.3231445  0.49929002],[0.32322818 0.4893969 ],[0.32893115 0.5009439 ],[0.3320206 0.4803223],[0.37461886 0.5085718 ],[0.380113  0.4519683],[0.4313421  0.53770393],[0.4367996  0.44783744],[0.47530106 0.5419634 ],[0.4737347 0.5305849],[0.49237153 0.50585043],[0.4902861 0.4850858],[0.5876548 0.5185264],[0.58821267 0.48832983],[0.65568376 0.5116063 ],[0.66695815 0.4991597 ]
[0.3373645 0.4956309],[0.3265137  0.49992087],[0.32652342 0.4858041 ],[0.3294495 0.5075062],[0.3298171 0.4721767],[0.3728522 0.5223962],[0.3761868  0.44937834],[0.42012084 0.54176575],[0.42722967 0.44486   ],[0.47526893 0.55396783],[0.41393057 0.47489268],[0.4924794  0.51085055],[0.49301615 0.47251856],[0.58368796 0.52537996],[0.58912647 0.4728242 ],[0.6442621  0.52167535],[0.6753838 0.4797826]
[0.337139   0.49475676],[0.32562098 0.4980335 ],[0.3252989 0.4859508],[0.32775274 0.505868  ],[0.32762364 0.47544706],[0.36849913 0.518273  ],[0.37228185 0.45164123],[0.41984633 0.5413001 ],[0.42017573 0.44418004],[0.47102666 0.5544181 ],[0.36109003 0.46223068],[0.49094507 0.51018214],[0.49094763 0.471999  ],[0.57774746 0.5239312 ],[0.5856868  0.47539502],[0.64241797 0.5192982 ],[0.6742268  0.47790006]
[0.33585554 0.49511233],[0.32596675 0.5006301 ],[0.32446936 0.48470277],[0.3255115 0.5091385],[0.32539406 0.47238937],[0.3641778  0.52170444],[0.36557612 0.4504341 ],[0.41252998 0.5405174 ],[0.41829646 0.4434533 ],[0.45908195 0.5552558 ],[0.35460806 0.46347627],[0.48585343 0.51388574],[0.49009693 0.46854293],[0.57517   0.5322029],[0.5885696  0.47492647],[0.64336413 0.5197518 ],[0.6740953 0.4774719]
[0.33625016 0.4949734 ],[0.32609683 0.50021714],[0.3249003  0.48474884],[0.3254634 0.5091133],[0.32584688 0.4723681 ],[0.36347416 0.52228934],[0.36341482 0.4505789 ],[0.4091735 0.5406163],[0.4158377  0.44435364],[0.4594021  0.55636466],[0.35668778 0.46292698],[0.4862552 0.5140511],[0.49025998 0.4693558 ],[0.5777253 0.5320223],[0.58876276 0.47538102],[0.6431664  0.52007157],[0.67386013 0.47665003]
[0.33587226 0.49684453],[0.3255103 0.5005542],[0.32509768 0.48686835],[0.32309568 0.51115197],[0.32455525 0.47468218],[0.36171955 0.5254678 ],[0.36151013 0.45207924],[0.40837276 0.5405294 ],[0.417246  0.4448551],[0.46028027 0.55645895],[0.34304354 0.46277672],[0.4878853  0.51201344],[0.4884959  0.47042185],[0.58103824 0.5289191 ],[0.5858351  0.47421136],[0.643749  0.5216974],[0.669592  0.4748985]
[0.3355566 0.496995 ],[0.32561746 0.50058347],[0.32539675 0.48676428],[0.32321408 0.51087207],[0.32632038 0.47355402],[0.36286515 0.5259256 ],[0.36500394 0.45039016],[0.4119494 0.5395998],[0.42090943 0.4439027 ],[0.46604323 0.5563542 ],[0.36226565 0.46589467],[0.4889494  0.51453286],[0.48912624 0.47244468],[0.5845058 0.526992 ],[0.586122   0.47472823],[0.6547813  0.51948017],[0.66985685 0.4754819 ]
[0.3350556  0.49696967],[0.32548514 0.50214434],[0.3248607  0.48668274],[0.32613742 0.51419437],[0.32660988 0.47170046],[0.36520466 0.5342199 ],[0.3680569  0.44765323],[0.41947854 0.5460036 ],[0.43108407 0.44780558],[0.47644868 0.5529455 ],[0.45443997 0.48589185],[0.49119353 0.5206879 ],[0.4900101  0.47398314],[0.59616816 0.5239837 ],[0.5942844  0.47478956],[0.66995907 0.51925063],[0.6740817 0.4790054]
[0.33506626 0.49802977],[0.32629412 0.5056652 ],[0.32688072 0.4872697 ],[0.32594642 0.51435256],[0.32885152 0.47208834],[0.36647254 0.53733546],[0.3726672  0.44986314],[0.43020478 0.54821515],[0.43517393 0.44999555],[0.4836972  0.54423666],[0.47797668 0.48217756],[0.49580273 0.5211896 ],[0.49269474 0.47572175],[0.59863526 0.5231853 ],[0.5997741  0.47683844],[0.68024105 0.5227856 ],[0.67717665 0.4784981 ]
[0.3339919  0.49593022],[0.32406083 0.50120646],[0.32399046 0.48719847],[0.32647845 0.5136283 ],[0.3293313  0.47396663],[0.3716133  0.53578335],[0.3782946 0.4537616],[0.4303021  0.54789835],[0.434987   0.45357186],[0.48351413 0.53638893],[0.4888959  0.46534944],[0.49981055 0.5233619 ],[0.49839762 0.47862995],[0.5994768 0.5231087],[0.6022556  0.47645202],[0.6808321 0.5221615],[0.67599154 0.4763799 ]
[0.33655587 0.4962053 ],[0.32712346 0.5041011 ],[0.32789606 0.4866001 ],[0.329224   0.51604104],[0.33065715 0.4767248 ],[0.36875278 0.5390798 ],[0.37757176 0.45561826],[0.43016317 0.55302024],[0.42863    0.45052055],[0.47433057 0.5313853 ],[0.49022913 0.46196774],[0.5005079 0.5269688],[0.5001747  0.47869292],[0.5965812 0.5235489],[0.59903985 0.47156125],[0.68175495 0.5220931 ],[0.67063725 0.47328156]
[0.33513105 0.49587446],[0.3253811 0.5038919],[0.32674944 0.4867868 ],[0.32780266 0.51822126],[0.32882848 0.47900903],[0.36662272 0.5409588 ],[0.37665263 0.4584232 ],[0.4281827 0.5568774],[0.42596698 0.45205194],[0.45992276 0.5314225 ],[0.4815457 0.4563388],[0.50004864 0.5262501 ],[0.4982909 0.4783748],[0.59406656 0.5216854 ],[0.5928343  0.47122842],[0.67900026 0.5197008 ],[0.664459  0.4721256]
[0.3374174  0.49646777],[0.3270365  0.50146663],[0.32681713 0.49264446],[0.32644486 0.51314807],[0.3285369  0.48940438],[0.36417946 0.52295744],[0.37510678 0.46804932],[0.42834675 0.55983794],[0.42876962 0.5631864 ],[0.4448281  0.48563144],[0.42548558 0.5160416 ],[0.49974588 0.5068594 ],[0.4954362 0.4894842],[0.5969064  0.51972264],[0.590974   0.48225215],[0.67227614 0.51395696],[0.6639888  0.47994068]
[0.33169037 0.49784338],[0.31975827 0.4921731 ],[0.31869066 0.501598  ],[0.3259928 0.4892785],[0.32367757 0.51427716],[0.3720315 0.4531176],[0.36300436 0.54337937],[0.42555192 0.44535875],[0.4233709 0.5710698],[0.47692236 0.4503243 ],[0.4057701 0.5554342],[0.49731547 0.4783472 ],[0.4947638 0.5266747],[0.58821154 0.47794154],[0.5872788 0.5309446],[0.6678277  0.48780438],[0.67405456 0.5203153 ]
[0.32993355 0.49982768],[0.31876183 0.49377257],[0.31747445 0.50754017],[0.32510734 0.4858983 ],[0.32244995 0.52023757],[0.3662914  0.45720387],[0.3601668  0.54392517],[0.42051333 0.447101  ],[0.41762966 0.57175946],[0.4658485  0.45252126],[0.37795386 0.5496015 ],[0.48871025 0.47905734],[0.4907448  0.52957636],[0.5917274  0.47947976],[0.593322  0.5284066],[0.6630859  0.47834027],[0.67940927 0.5229577 ]
[0.32853687 0.49813977],[0.31837112 0.49309626],[0.31622294 0.5074203 ],[0.3259023 0.4864224],[0.32235423 0.521212  ],[0.3670286  0.45778626],[0.3601309 0.5431249],[0.41950494 0.44937894],[0.41413462 0.57236683],[0.44500232 0.47110265],[0.3721797  0.54500663],[0.48843396 0.48059154],[0.48878592 0.52932507],[0.5849183  0.47930965],[0.59118253 0.5271645 ],[0.6589871  0.47967714],[0.6736004 0.5231942]
[0.3276744  0.49905267],[0.31574214 0.4943777 ],[0.314252  0.5096384],[0.32351997 0.4864801 ],[0.32049462 0.5228347 ],[0.36542416 0.45688385],[0.3592904 0.5450133],[0.41938442 0.44866103],[0.41564626 0.57154256],[0.43771443 0.47121838],[0.37028515 0.5403256 ],[0.48814994 0.48019195],[0.4888199  0.52900314],[0.5941845  0.48177093],[0.5963718 0.5282132],[0.6616661 0.4815163],[0.6764161 0.5239776]
[0.32832608 0.49822232],[0.31748074 0.49456483],[0.31716925 0.5057296 ],[0.3248588 0.4891175],[0.322318 0.516825],[0.36848217 0.45362577],[0.36062992 0.5435575 ],[0.4229124  0.44734225],[0.42247784 0.5701148 ],[0.4669783  0.45144963],[0.4026256  0.55549365],[0.49530083 0.47832626],[0.49202397 0.5250387 ],[0.59518516 0.48240626],[0.5979368  0.52862275],[0.668331  0.4884675],[0.6731971  0.51655984]
[0.33260223 0.50252205],[0.3202467  0.50278914],[0.31987837 0.5026088 ],[0.32335472 0.5046608 ],[0.3238024  0.50764215],[0.37080547 0.465627  ],[0.3656898 0.5294969],[0.42542762 0.45187664],[0.42929345 0.56760657],[0.48049805 0.4526908 ],[0.42315674 0.5448554 ],[0.4974032 0.4894949],[0.4954133 0.5094322],[0.600009 0.505768],[0.5969879 0.5096704],[0.66854894 0.50216943],[0.6696111 0.5002616]
[0.33355802 0.5059056 ],[0.32131124 0.5132272 ],[0.32219788 0.49502414],[0.32553953 0.52666783],[0.32805648 0.48394966],[0.3679347 0.5487985],[0.37591508 0.46046874],[0.4355113 0.5569978],[0.43070883 0.45925635],[0.4644958  0.53094363],[0.48316526 0.46209982],[0.50105387 0.53063554],[0.49687034 0.47900826],[0.59815216 0.5242684 ],[0.6002612  0.47778547],[0.679111  0.5212306],[0.6691117  0.48055387]
[0.33666977 0.5047922 ],[0.32653242 0.5134188 ],[0.32654232 0.49350706],[0.33013487 0.52498204],[0.33112493 0.48199412],[0.37153643 0.5443523 ],[0.3802147  0.45735297],[0.43543193 0.553782  ],[0.4359309  0.45766222],[0.48007697 0.5389871 ],[0.4907881  0.46976072],[0.50107944 0.5314951 ],[0.49841323 0.4816139 ],[0.5989237 0.5239799],[0.6006596  0.48026982],[0.6856463 0.5212198],[0.6837779  0.48386702]
[0.33719766 0.505078  ],[0.32707056 0.5128055 ],[0.3273509  0.49397957],[0.32701698 0.52198553],[0.32867867 0.48231447],[0.37001166 0.54452497],[0.3775549 0.4559873],[0.4314615 0.5534385],[0.4368562  0.45816702],[0.4760805  0.54525936],[0.47941133 0.48677745],[0.4977148 0.5276883],[0.49488983 0.48172295],[0.5998134 0.5262638],[0.60002106 0.4822057 ],[0.67804784 0.5241096 ],[0.6776474  0.48380154]
[0.3373449 0.5016187],[0.3265397  0.50916415],[0.32739684 0.49160776],[0.32636976 0.51855165],[0.3286943  0.48049515],[0.37014684 0.5421035 ],[0.37707362 0.45268732],[0.43001392 0.54931176],[0.43667173 0.45527673],[0.47681388 0.54540193],[0.46799475 0.48872474],[0.49624905 0.5277761 ],[0.49210677 0.48122713],[0.5928865 0.5284782],[0.59289074 0.48645923],[0.6698467  0.51978827],[0.6721499  0.49086633]
[0.33578482 0.500231  ],[0.3234221 0.5047524],[0.32386193 0.49403784],[0.32546917 0.5112672 ],[0.3287364 0.4865545],[0.37004718 0.5338784 ],[0.378632   0.45677412],[0.4261579 0.5490235],[0.43510175 0.45226154],[0.47294313 0.5431656 ],[0.4570236  0.50863117],[0.4967666  0.51807564],[0.49302784 0.48811504],[0.59188426 0.5224329 ],[0.591194  0.4907817],[0.6614951 0.5165189],[0.67136663 0.49639305]
[0.33465847 0.49856892],[0.32199308 0.4998197 ],[0.3222362 0.4991189],[0.3291893  0.49760103],[0.32756186 0.50422984],[0.3727366 0.4742813],[0.37184796 0.5305115 ],[0.43014157 0.44843972],[0.4251503 0.5536315],[0.44877905 0.5029687 ],[0.47607833 0.5619166 ],[0.49807164 0.49163514],[0.49727455 0.51632035],[0.59053713 0.49372718],[0.5844017 0.5332631],[0.664443  0.5060459],[0.66537523 0.51207393]
[0.33371684 0.49752563],[0.3203266 0.4972194],[0.31936502 0.4984594 ],[0.32583144 0.49709147],[0.32442793 0.5051525 ],[0.37061355 0.46626836],[0.36661384 0.5368617 ],[0.42536828 0.4436017 ],[0.42404774 0.5571061 ],[0.43006793 0.49343753],[0.47441438 0.56861204],[0.4958175  0.49171233],[0.49457914 0.5150656 ],[0.5917706 0.5050961],[0.584664  0.5327945],[0.66476613 0.50719196],[0.6691424 0.5140067]
[0.33373514 0.49978969],[0.32125312 0.5017932 ],[0.3206959 0.4968701],[0.32399112 0.5022023 ],[0.32600483 0.4935325 ],[0.36506966 0.50122607],[0.36741138 0.48348403],[0.41680762 0.538838  ],[0.4190538 0.5518503],[0.43572074 0.52776706],[0.46446818 0.5700006 ],[0.49515334 0.5066118 ],[0.49337518 0.49535507],[0.5935311  0.52227265],[0.5975234  0.49596944],[0.6617402  0.51387495],[0.68267065 0.48973233]
[0.3309661  0.50068307],[0.31870764 0.49951723],[0.31880635 0.50029516],[0.32548016 0.49705607],[0.32432494 0.50242716],[0.36921367 0.4649794 ],[0.36224803 0.52809817],[0.41733885 0.44950712],[0.41800013 0.5504789 ],[0.41414002 0.49751687],[0.45928654 0.5703623 ],[0.49067    0.49313846],[0.487738  0.5084678],[0.5900133  0.51001585],[0.5867894 0.5164284],[0.6623348 0.5101919],[0.6673096  0.50710577]
[0.33203924 0.4975527 ],[0.31990802 0.49803507],[0.31891602 0.49800235],[0.32663018 0.49732757],[0.32511616 0.50144607],[0.37022522 0.46466112],[0.36224484 0.52636975],[0.419614   0.44866183],[0.4197236  0.54864055],[0.43479463 0.50508124],[0.46347547 0.5630338 ],[0.48968306 0.49302042],[0.48721057 0.51398236],[0.5857026  0.50288576],[0.58088917 0.52410334],[0.65663254 0.5112005 ],[0.6613005 0.5166671]
[0.32913947 0.49861664],[0.3173688 0.4908702],[0.3160189 0.5051447],[0.32483158 0.48579517],[0.3241303 0.51648  ],[0.36834052 0.45633462],[0.36445168 0.5421138 ],[0.42254984 0.4462399 ],[0.42660925 0.5509746 ],[0.41185957 0.47759876],[0.46981278 0.5594227 ],[0.48922893 0.48105267],[0.48691112 0.53070825],[0.5909277 0.4807839],[0.58157754 0.53966045],[0.68058515 0.48376814],[0.66075873 0.5368387 ]
[0.3327785 0.5040044],[0.32284787 0.5101152 ],[0.32290792 0.4930113 ],[0.3258242 0.5194728],[0.32438365 0.48113787],[0.36411527 0.54010636],[0.3686438  0.45424742],[0.41758722 0.5496275 ],[0.42208174 0.45508417],[0.46856844 0.55593294],[0.43692744 0.4993334 ],[0.49058697 0.52911043],[0.48725232 0.4847649 ],[0.59399706 0.5325506 ],[0.59413564 0.48139307],[0.665402   0.52742887],[0.6791857  0.48803717]
[0.3281267 0.5021539],[0.31818682 0.51021326],[0.3191083  0.49447763],[0.32315272 0.519457  ],[0.32469323 0.48349604],[0.3664653 0.541307 ],[0.37203622 0.45556384],[0.42513728 0.54996735],[0.43002394 0.46013772],[0.4691758  0.54507047],[0.46380395 0.51124096],[0.49495667 0.526913  ],[0.49048278 0.48930052],[0.59734017 0.53017217],[0.5944879 0.4882089],[0.67788637 0.5271226 ],[0.67970884 0.4925972 ]
[0.33205613 0.50481194],[0.318327   0.49658892],[0.31682315 0.5090705 ],[0.32627785 0.48978287],[0.32443145 0.5179093 ],[0.37306485 0.4565804 ],[0.37095734 0.5497946 ],[0.43496653 0.45265874],[0.43959245 0.5587667 ],[0.47757086 0.48268798],[0.476157  0.5385084],[0.49447882 0.48354137],[0.49676034 0.53245705],[0.59662265 0.48440105],[0.59796274 0.53654647],[0.6823661  0.48619956],[0.68377274 0.5254495 ]
[0.33386368 0.50530213],[0.31898087 0.5083793 ],[0.31932688 0.5031137 ],[0.32329232 0.5115831 ],[0.32435572 0.50078   ],[0.37233958 0.5222174 ],[0.37444752 0.48464435],[0.4385019 0.5487494],[0.43978107 0.5529017 ],[0.48299757 0.5077401 ],[0.4810193 0.5207917],[0.50224763 0.5143836 ],[0.5007626  0.50530946],[0.60007006 0.51742536],[0.59883595 0.5047006 ],[0.67965776 0.5162341 ],[0.68027335 0.5030702 ]
[0.3353122  0.50910693],[0.32259184 0.5129946 ],[0.3233994 0.5000167],[0.3276733 0.5251899],[0.32857737 0.48826772],[0.36989775 0.54898316],[0.3791972  0.46585867],[0.43459186 0.56341445],[0.43231106 0.4645519 ],[0.46705064 0.52894044],[0.4847202  0.47016367],[0.5028762 0.5328567],[0.496662   0.49082336],[0.60043013 0.5267434 ],[0.5973494  0.47707814],[0.67547566 0.5288383 ],[0.66383374 0.48201448]
[0.3366173 0.5114881],[0.32473   0.5153454],[0.32521945 0.50364673],[0.3280237 0.5265361],[0.32952863 0.49404675],[0.36895946 0.5455299 ],[0.3773039  0.47087765],[0.42864975 0.5665474 ],[0.42639866 0.46479896],[0.4517398 0.5121053],[0.45113778 0.49658495],[0.5013422 0.5268451],[0.49703866 0.49214944],[0.5981672 0.5267601],[0.59518504 0.47779578],[0.67622995 0.52774805],[0.6647402 0.480895 ]
[0.33620337 0.5119537 ],[0.32414806 0.5171195 ],[0.32469013 0.5039647 ],[0.32434788 0.52895975],[0.32793903 0.49462938],[0.36436382 0.54319865],[0.3746839  0.47197956],[0.42687538 0.5691649 ],[0.4199778 0.4672173],[0.4233542 0.5315718],[0.41682273 0.51125115],[0.49783656 0.5240929 ],[0.4945441  0.49079758],[0.6014146  0.52530533],[0.59183276 0.47578198],[0.67991436 0.52461934],[0.6653327 0.4806402]
[0.3319645 0.5110574],[0.32070652 0.50692874],[0.32007992 0.5093285 ],[0.32545143 0.50540626],[0.32432526 0.5146953 ],[0.36967215 0.47117442],[0.36325336 0.54406995],[0.41717777 0.4567715 ],[0.4247446 0.5798734],[0.45091197 0.45388326],[0.3858876 0.5544641],[0.4953467 0.4891381],[0.49295327 0.52452624],[0.5882919  0.47959238],[0.59927183 0.5279038 ],[0.6666627 0.5038178],[0.67225313 0.5210319 ]
[0.33377206 0.51081795],[0.3232721 0.5175613],[0.32382733 0.5015269 ],[0.32331344 0.533972  ],[0.32691148 0.48883152],[0.35899746 0.547559  ],[0.36675033 0.4685862 ],[0.41973504 0.5811347 ],[0.41570526 0.45935988],[0.38946608 0.5572582 ],[0.454984  0.4530147],[0.49277803 0.52903116],[0.48824817 0.4823909 ],[0.5966841 0.5335242],[0.5807377 0.4751486],[0.66712743 0.5272603 ],[0.6503022 0.480756 ]
[0.33414343 0.50974935],[0.32412097 0.51656514],[0.32560357 0.5001687 ],[0.32543463 0.5320709 ],[0.3275362 0.4894783],[0.3599721  0.54685277],[0.36456078 0.47087714],[0.42091748 0.5811104 ],[0.41298237 0.46091193],[0.38289353 0.54768336],[0.45887387 0.4506429 ],[0.49165705 0.5292551 ],[0.48840758 0.48078105],[0.5965095  0.53370196],[0.585859   0.47716781],[0.6716915  0.52771914],[0.6557833 0.481416 ]
[0.33371806 0.51156914],[0.32293892 0.5181022 ],[0.3235107  0.50167596],[0.3227856  0.53385913],[0.32660812 0.48817417],[0.36140823 0.54963344],[0.36889738 0.46582305],[0.42612055 0.57394814],[0.4144883 0.4611604],[0.3996702  0.54803497],[0.4622933 0.4548259],[0.49607173 0.5279006 ],[0.49069273 0.48208338],[0.5940089 0.5350329],[0.58970094 0.47644535],[0.67348623 0.52845114],[0.6610492  0.48091182]
[0.3349064 0.511771 ],[0.3235328 0.5181155],[0.32433492 0.50186986],[0.32419795 0.5341739 ],[0.32635707 0.48720998],[0.36631206 0.55271024],[0.371904   0.46700874],[0.43344206 0.5685868 ],[0.42610922 0.46155065],[0.41901425 0.5470115 ],[0.4689415 0.4618588],[0.49942812 0.5300483 ],[0.49309808 0.482033  ],[0.59218514 0.53412145],[0.5947355  0.47406375],[0.67516214 0.52554995],[0.6640441  0.47621012]
[0.33580148 0.5107938 ],[0.3233777 0.5157   ],[0.3241193 0.5015398],[0.32504058 0.53080446],[0.3273723  0.49002415],[0.36966604 0.5533468 ],[0.37462965 0.46686044],[0.4367495  0.56506777],[0.4259667  0.46270514],[0.46437308 0.5379658 ],[0.48489305 0.46394038],[0.49992296 0.5337031 ],[0.49546775 0.48556295],[0.5955449  0.52773476],[0.5949928 0.4759762],[0.68074083 0.52825683],[0.6770566 0.4751839]
[0.33412728 0.50863343],[0.32120833 0.51422715],[0.32331315 0.49941114],[0.32550973 0.52712595],[0.32750174 0.48702586],[0.37298378 0.54794466],[0.37575135 0.4664209 ],[0.43898785 0.5648743 ],[0.43034422 0.4565209 ],[0.4934103 0.547642 ],[0.50258565 0.46277517],[0.49955702 0.52865016],[0.493846  0.4836819],[0.5971609 0.5314896],[0.5983053  0.47861952],[0.6818962  0.53208023],[0.6802741  0.47994402]
[0.33598623 0.5079175 ],[0.32369685 0.51367766],[0.3259048  0.49889073],[0.32718813 0.52448374],[0.32784963 0.48393157],[0.37386853 0.5433982 ],[0.3772527  0.46283263],[0.4348497  0.56706256],[0.43041772 0.44490117],[0.48862344 0.55391985],[0.49372622 0.46148297],[0.5008597 0.5268376],[0.4978879  0.48310336],[0.59745014 0.52699304],[0.59925026 0.47958842],[0.6781799 0.5318765],[0.6785045  0.48309904]
[0.33870363 0.50704724],[0.3268882 0.5131072],[0.32893422 0.49498355],[0.32765484 0.5224756 ],[0.3289666  0.48191768],[0.36921927 0.5446055 ],[0.37682563 0.45864373],[0.42888534 0.5740408 ],[0.42916828 0.43712026],[0.49121466 0.558806  ],[0.47489718 0.4621933 ],[0.49189097 0.5295604 ],[0.4886246 0.4845239],[0.5919676  0.52897316],[0.5883007  0.48089272],[0.6733892  0.53006643],[0.6768532  0.48501688]
[0.34006006 0.5022428 ],[0.3289907  0.51003313],[0.3292766  0.49279666],[0.33058816 0.5177723 ],[0.3299179 0.4811674],[0.3708306  0.54096437],[0.37613472 0.45663062],[0.42114693 0.5791537 ],[0.43020773 0.42732355],[0.47079796 0.55924684],[0.45447564 0.46511364],[0.4940312 0.5234264],[0.4903316  0.48228803],[0.5946331 0.5350817],[0.59380156 0.47935897],[0.65751445 0.5257468 ],[0.67291856 0.48632059]
[0.3402757 0.4991633],[0.3300616  0.50619084],[0.33021995 0.49016544],[0.3296726 0.5143712],[0.32945672 0.47991535],[0.3649157  0.53776574],[0.37451413 0.4546176 ],[0.41032347 0.5871833 ],[0.42655027 0.42255437],[0.44533256 0.5681698 ],[0.4089622  0.45237392],[0.49269634 0.52417564],[0.4931789  0.47900453],[0.58354783 0.5348331 ],[0.59059983 0.4773185 ],[0.648564  0.5202779],[0.66297776 0.48316744]
[0.3372874  0.49954036],[0.3285713 0.5078071],[0.3276183 0.4923011],[0.32893437 0.51434684],[0.3271902  0.47869548],[0.3662989 0.5273481],[0.3711407  0.45946422],[0.3979464  0.58540857],[0.41442922 0.41742235],[0.41102958 0.58325446],[0.40188006 0.41364354],[0.48792318 0.5168065 ],[0.48975137 0.47654742],[0.57709944 0.53532517],[0.5877522  0.47849518],[0.6457496  0.51654315],[0.668379  0.4835993]
[0.33724165 0.50105035],[0.32918736 0.5089028 ],[0.3282229  0.49347526],[0.32810628 0.5155707 ],[0.32666662 0.47707373],[0.3642046 0.5249787],[0.3686218  0.45530555],[0.3926418  0.58060473],[0.4033227  0.41436398],[0.39452982 0.59200925],[0.38964355 0.42004642],[0.48352432 0.51671565],[0.48743734 0.47594318],[0.5781773  0.53671926],[0.59122735 0.47795153],[0.64230275 0.5205559 ],[0.67192096 0.4817437 ]
[0.33463076 0.5004065 ],[0.32283455 0.5050602 ],[0.32210618 0.49252954],[0.32334155 0.51046777],[0.32232127 0.4820443 ],[0.3617957  0.52045363],[0.36296892 0.46102557],[0.39351526 0.58088803],[0.3996828  0.41484764],[0.38171592 0.58936584],[0.3634085  0.43225256],[0.48351267 0.5133139 ],[0.48536003 0.48044565],[0.5799158 0.5337297],[0.5887364 0.4854001],[0.6486805  0.51430655],[0.66743594 0.48315048]
[0.3345536 0.5019752],[0.323602  0.5088589],[0.3240756  0.49414477],[0.3218853 0.5140716],[0.32296893 0.47805318],[0.36010814 0.5253587 ],[0.35689244 0.4534736 ],[0.39730272 0.5827313 ],[0.3992663 0.4215132],[0.3680087 0.5942193],[0.34966832 0.44297555],[0.48441422 0.5187754 ],[0.48499122 0.4767428 ],[0.5836174 0.5347343],[0.58942854 0.48244855],[0.6481612 0.5168369],[0.666241   0.48118886]
[0.33427224 0.50110793],[0.32307914 0.50852495],[0.32458016 0.4924488 ],[0.31800362 0.514069  ],[0.3214185  0.47713056],[0.35883236 0.52584565],[0.35866112 0.44938213],[0.39771762 0.5739232 ],[0.40528286 0.42291483],[0.36925244 0.5907376 ],[0.3475226  0.43942305],[0.48710227 0.51995295],[0.48799786 0.47811523],[0.58562255 0.53340214],[0.590129  0.4804804],[0.654771 0.520118],[0.66565216 0.48174322]
[0.3336691  0.50112516],[0.32435134 0.5093464 ],[0.3239888  0.49171963],[0.3232629 0.518162 ],[0.32250085 0.4780312 ],[0.365871   0.53116894],[0.36564636 0.4543583 ],[0.4128692  0.57572186],[0.41258943 0.42800757],[0.36922017 0.60222626],[0.35548887 0.42653537],[0.48580563 0.5227039 ],[0.48752314 0.4798842 ],[0.5883691 0.5333675],[0.59047216 0.4814772 ],[0.661573  0.5215954],[0.67138475 0.48336226]
[0.3306983 0.5023905],[0.3225282 0.5080507],[0.32161114 0.49340025],[0.32448256 0.5171917 ],[0.3238727  0.48253188],[0.37091216 0.53495264],[0.37613666 0.45682344],[0.43100786 0.57100815],[0.42348185 0.43238217],[0.3961372  0.61089444],[0.36599723 0.44018096],[0.4929187 0.523395 ],[0.49146003 0.4838585 ],[0.59619606 0.5207932 ],[0.5939645  0.48651895],[0.67759836 0.51543355],[0.676496 0.486804]
[0.33279827 0.5007648 ],[0.3209771 0.4973855],[0.32021222 0.50434536],[0.32590738 0.49027038],[0.32496342 0.5112029 ],[0.37235472 0.47018462],[0.375261  0.5397051],[0.43873098 0.43315166],[0.4396771 0.5814562],[0.40017667 0.43103278],[0.42614704 0.6131684 ],[0.49859753 0.48688138],[0.4965262  0.52608657],[0.6008362  0.48816285],[0.5994955  0.52366096],[0.6752154  0.48836803],[0.67553777 0.5064275 ]
[0.33599597 0.49711382],[0.32353863 0.502581  ],[0.32558057 0.4955473 ],[0.32588953 0.5127731 ],[0.32683837 0.49452204],[0.36884508 0.52583843],[0.37715712 0.47338298],[0.4224295 0.5532404],[0.42209163 0.45020807],[0.46887654 0.5978533 ],[0.46821976 0.606827  ],[0.4968948 0.516712 ],[0.4941372  0.50009525],[0.5979899 0.517553 ],[0.59420174 0.49065372],[0.6736994 0.5118605],[0.67236674 0.49225968]
[0.33804575 0.5061006 ],[0.32696593 0.51292855],[0.32920745 0.49528274],[0.3293115  0.52495134],[0.33053413 0.48408023],[0.37234387 0.5450259 ],[0.37963116 0.46498284],[0.43236014 0.5727252 ],[0.43270418 0.44907144],[0.49767548 0.58969784],[0.4990905  0.43875635],[0.4965891 0.5326974],[0.49389997 0.485781  ],[0.59438574 0.5235142 ],[0.59124273 0.47641915],[0.6738336  0.52252907],[0.66164255 0.47701886]
[0.33238754 0.5080931 ],[0.3203436  0.51484746],[0.32203227 0.49941975],[0.32761472 0.5268492 ],[0.32937035 0.48506588],[0.37217453 0.54290956],[0.37989518 0.46663478],[0.43758965 0.57490456],[0.4430336  0.44918644],[0.511135 0.584717],[0.5196821 0.4481322],[0.49865547 0.52846396],[0.49670225 0.48432666],[0.59380364 0.52241886],[0.59218544 0.4764474 ],[0.67436653 0.52265096],[0.65993494 0.47795853]
[0.3306752 0.5034454],[0.31832856 0.51036406],[0.3196991  0.49444076],[0.32699752 0.5239583 ],[0.32759288 0.48482177],[0.37373093 0.5434535 ],[0.37950706 0.46511355],[0.4351382  0.58502805],[0.43505406 0.44454613],[0.5024497 0.582434 ],[0.5121051  0.44985503],[0.49462083 0.53355473],[0.4902071  0.48439458],[0.5966805 0.5194773],[0.5855392  0.47318542],[0.66961825 0.5181949 ],[0.64688885 0.47735083]
[0.32927588 0.5075293 ],[0.31663308 0.5135273 ],[0.31742713 0.5005504 ],[0.3249415  0.52307135],[0.32589176 0.4901812 ],[0.37220684 0.5416539 ],[0.3782976  0.46828616],[0.4270331 0.5906671],[0.43236762 0.43764922],[0.48669717 0.57638   ],[0.4901238  0.44825444],[0.4910372  0.52790344],[0.48689336 0.48541614],[0.5884958  0.51530844],[0.5809994 0.473125 ],[0.66206276 0.5153608 ],[0.6405506  0.47975025]
[0.3276121 0.5083318],[0.3178207 0.5133336],[0.31813383 0.50062734],[0.32526717 0.52250636],[0.32561943 0.48898152],[0.3683828 0.5424722],[0.3747035  0.46689692],[0.4176336 0.5996017],[0.41960964 0.43197635],[0.47489128 0.5783545 ],[0.47388765 0.45339617],[0.4933658 0.5270819],[0.489653  0.4854877],[0.59310573 0.51500577],[0.58483547 0.47555888],[0.66091067 0.51639915],[0.6494074  0.48432207]
[0.33016083 0.50735754],[0.31908795 0.5135988 ],[0.31911    0.49718484],[0.32491246 0.5253298 ],[0.32472003 0.4869232 ],[0.36460048 0.5472311 ],[0.36920804 0.4698022 ],[0.40651533 0.6049967 ],[0.40735632 0.4295233 ],[0.45981196 0.58690065],[0.44710407 0.44082084],[0.5005025 0.5276346],[0.49251127 0.4818143 ],[0.5978151 0.5204635],[0.5882206  0.47091466],[0.6633473  0.51979953],[0.6506102 0.480724 ]
[0.32566798 0.5072308 ],[0.3167804 0.5140143],[0.31726032 0.49730754],[0.32268336 0.5258803 ],[0.32223505 0.48611262],[0.36519343 0.5458557 ],[0.3661406  0.46347854],[0.39588982 0.6083403 ],[0.39761925 0.4280244 ],[0.4354068 0.5826478],[0.4062318 0.4190559],[0.50039333 0.5272848 ],[0.49692672 0.4799732 ],[0.6004102 0.523144 ],[0.6013159  0.47438172],[0.66489583 0.5232377 ],[0.66305244 0.48414466]
[0.3262365  0.50713056],[0.3182694  0.51471215],[0.31881818 0.49770576],[0.32347837 0.52622724],[0.32344744 0.48641866],[0.3653086 0.5441125],[0.36762786 0.46603653],[0.38910016 0.60784423],[0.39274406 0.42272297],[0.39470643 0.59443504],[0.38869295 0.4135648 ],[0.5012931  0.52710044],[0.49697503 0.480508  ],[0.5975888 0.525561 ],[0.59737605 0.4767902 ],[0.67341495 0.5220944 ],[0.6621778  0.47853258]
[0.3280143  0.50543475],[0.31862321 0.51298475],[0.31909972 0.4967808 ],[0.3232466 0.5227433],[0.3228588 0.4851971],[0.3647308 0.541098 ],[0.36623472 0.46243975],[0.38895443 0.6022666 ],[0.38882104 0.42127183],[0.37986127 0.6126941 ],[0.37693542 0.39950264],[0.5012283 0.5268518],[0.49722052 0.48125654],[0.59834737 0.5273748 ],[0.59887785 0.47787577],[0.67890435 0.5226362 ],[0.6717998  0.47960746]
[0.32896364 0.506493  ],[0.31986582 0.5131447 ],[0.32055524 0.49690586],[0.3232898  0.52306527],[0.32322943 0.4853248 ],[0.36421606 0.53991145],[0.36585525 0.46325785],[0.3919935  0.60663944],[0.38898775 0.41726324],[0.3756865 0.6052005],[0.37702987 0.40928653],[0.49864596 0.52530295],[0.4967956 0.4792702],[0.5977251  0.52712595],[0.5985609  0.48043954],[0.6634615 0.5222173],[0.6627781 0.4832156]
